ZIP Code,Year,Year Built,Has Basement,Bedrooms,Square Footage,Construction Type,Roof Material,Has Garage,Has Swimming Pool,Security System Installed,Distance to Fire Station (mi),Coverage A,Premiums Per Policy
80510,2018,1954,Yes,2,2571,Frame,Shingle,No,Yes,Yes,7.67,436975.41,1905.06
80365,2020,1992,Yes,3,2804,Brick,Metal,No,No,Yes,7.6,605824.23,1800.84
80382,2018,1972,No,4,2676,Frame,Tile,Yes,No,Yes,1.6,531345.26,1683.55
80322,2021,2005,No,4,3625,Fire Resistive,Metal,No,Yes,No,5.3,681110.96,2151.5
80988,2021,1976,Yes,4,1626,Brick,Shingle,No,No,No,1.29,247934.9,1522.51
80098,2019,1953,Yes,5,1114,Brick,Shingle,Yes,Yes,Yes,3.03,169862.23,1557.73
80742,2018,2018,No,3,3837,Frame,Shingle,No,No,No,7.8,555009.35,2012.01
80017,2021,1982,Yes,5,2288,Frame,Tile,Yes,No,Yes,5.23,478864.88,1731.88
80595,2021,2020,No,5,3651,Frame,Tile,No,No,No,5.9,686713.67,2081.37
80106,2021,1969,Yes,2,3799,Brick,Metal,No,No,Yes,7.81,747057.42,2072.66
80123,2018,1984,No,3,2225,Brick,Shingle,Yes,No,No,1.54,315164.04,1677.16
80569,2021,1997,No,4,2341,Fire Resistive,Tile,No,Yes,Yes,4.7,509384.72,1726.7
80214,2022,1966,Yes,4,2905,Brick,Metal,No,No,No,0.72,600159.67,1815.6
80737,2022,1956,No,3,3005,Frame,Metal,Yes,Yes,Yes,3.74,471746.32,1910.96
80096,2021,1997,Yes,2,2105,Fire Resistive,Metal,No,Yes,No,7.03,325319.32,1832.11
80113,2020,1989,Yes,4,1017,Frame,Shingle,Yes,Yes,Yes,0.36,157301.79,1367.88
80638,2018,1983,Yes,5,1700,Brick,Shingle,Yes,Yes,Yes,4.24,279376.95,1632.38
80047,2019,1960,No,4,3908,Frame,Tile,Yes,Yes,No,6.77,711179.85,2374.5
80073,2020,1965,No,3,1986,Frame,Metal,No,Yes,No,2.63,346667.42,1599.87
80544,2022,1968,Yes,3,1316,Frame,Metal,No,No,No,7.39,214900.6,1425.65
80942,2018,1958,No,2,3243,Fire Resistive,Shingle,No,No,No,5.24,612759.12,1846.31
80224,2019,1978,Yes,5,3340,Fire Resistive,Shingle,Yes,No,No,0.63,504872.76,2079.67
80111,2022,1951,Yes,4,2579,Frame,Tile,Yes,Yes,No,5.3,421335.28,2209.02
80409,2021,1989,Yes,4,1346,Frame,Shingle,Yes,Yes,Yes,3.21,227889.84,1566.11
80339,2021,2005,No,3,1615,Frame,Metal,No,Yes,Yes,1.38,285024.24,1318.24
80846,2019,1956,No,5,3562,Fire Resistive,Metal,No,No,Yes,7.43,722423.74,2123.83
80253,2018,2006,No,3,3458,Brick,Shingle,Yes,Yes,No,7.82,539357.76,2146.75
80420,2019,1985,Yes,3,1406,Brick,Shingle,Yes,Yes,Yes,6.23,254681.09,1603.31
80608,2019,1972,No,3,3242,Frame,Tile,Yes,No,No,6.8,607528.64,2037.64
80208,2020,1977,No,2,1312,Brick,Tile,No,Yes,Yes,7.93,188555.44,1430.84
80068,2021,1985,No,2,1349,Frame,Shingle,Yes,Yes,No,0.42,254426.24,1391.46
80817,2021,1958,No,5,2612,Brick,Metal,No,Yes,Yes,1.08,401312.72,1840.75
80823,2022,2016,Yes,4,1903,Brick,Metal,No,No,Yes,7.47,276323.45,1501.95
80451,2020,2009,No,4,3514,Brick,Tile,No,No,No,4.78,758710.7,2045.87
80002,2021,2004,Yes,2,1492,Fire Resistive,Metal,No,Yes,Yes,3.5,324137.84,1366.14
80340,2020,1959,No,3,2970,Brick,Shingle,No,Yes,No,1.41,607875.21,1905.93
80039,2018,1985,Yes,4,2752,Frame,Metal,No,No,No,0.47,452343.77,1729.69
80322,2020,1950,Yes,5,1071,Brick,Shingle,Yes,Yes,Yes,6.16,158308.55,1635.52
80596,2021,2014,No,3,1931,Brick,Metal,Yes,No,Yes,0.41,376040.32,1264.8
80559,2019,1976,No,3,1318,Frame,Metal,No,Yes,No,3.61,230929.68,1432.83
80504,2018,1980,Yes,4,3460,Brick,Tile,Yes,No,No,0.62,518180.18,2141.11
80957,2018,2016,No,3,2888,Fire Resistive,Metal,No,Yes,No,6.01,518725.67,1966.25
80176,2021,1992,No,4,1217,Brick,Shingle,No,Yes,Yes,4.34,173728.07,1371.42
80135,2020,1982,Yes,4,1107,Fire Resistive,Tile,Yes,No,Yes,2.17,235509.41,1269.99
80873,2019,1955,No,3,2850,Brick,Tile,Yes,Yes,Yes,2.11,458001.84,1749.38
80099,2021,1975,Yes,4,3325,Frame,Metal,Yes,No,Yes,4.77,641730.93,2052.34
80380,2018,1992,No,5,2604,Fire Resistive,Tile,No,No,Yes,1.16,429495.65,1679.37
80860,2018,2001,Yes,5,3978,Fire Resistive,Shingle,No,No,No,5.15,722426.45,2234.27
80180,2018,1973,No,4,1640,Fire Resistive,Shingle,Yes,No,Yes,7.52,301328.39,1423.52
80358,2018,1969,Yes,4,3570,Fire Resistive,Shingle,Yes,Yes,Yes,3.81,552594.43,2117.55
80865,2018,2001,No,4,2089,Fire Resistive,Metal,No,No,Yes,5.69,454496.98,1422.79
80213,2020,2001,No,4,1507,Brick,Shingle,Yes,Yes,No,2.37,304430.01,1543.31
80630,2019,1991,No,4,2857,Brick,Tile,Yes,No,No,4.31,614711.88,2014.39
80862,2020,2003,Yes,2,1191,Fire Resistive,Metal,Yes,No,No,4.29,251999.15,1325.11
80411,2019,2013,Yes,5,1266,Frame,Shingle,No,Yes,No,3.23,237795.31,1555.64
80290,2020,1978,Yes,4,1392,Brick,Metal,Yes,No,No,1.73,297539.91,1558.15
80993,2021,1978,Yes,4,1129,Fire Resistive,Tile,No,No,Yes,5.18,166052.64,1278.16
80588,2018,1990,Yes,2,2014,Fire Resistive,Tile,Yes,No,Yes,7.64,313536.76,1573.09
80680,2021,2003,No,5,3307,Brick,Metal,Yes,No,Yes,3.72,474945.33,1770.53
80899,2019,1996,No,4,2358,Frame,Shingle,No,Yes,Yes,1.09,391490.31,1636.4
80106,2019,1965,No,5,3769,Frame,Tile,Yes,Yes,No,2.96,644853.98,2391.18
80837,2022,2017,No,4,2626,Brick,Metal,No,No,No,5.54,424645.0,1732.59
80576,2018,2003,Yes,5,1375,Frame,Tile,Yes,Yes,Yes,4.05,283661.13,1444.94
80843,2018,1993,No,3,3936,Brick,Shingle,No,No,Yes,2.59,663374.49,1901.55
80418,2019,2013,No,2,3141,Frame,Metal,Yes,No,Yes,6.87,510333.22,1785.39
80826,2022,2003,Yes,3,1234,Brick,Shingle,Yes,No,No,5.01,226334.96,1382.22
80394,2018,1960,No,3,1071,Brick,Metal,No,No,Yes,7.1,162014.39,1299.3
80790,2018,1950,Yes,4,3898,Brick,Shingle,No,Yes,Yes,7.79,795877.11,2299.26
80717,2021,1996,No,4,3097,Fire Resistive,Metal,Yes,No,No,4.94,452050.67,1893.03
80146,2020,2021,Yes,5,3537,Frame,Metal,No,No,Yes,1.72,774429.53,1904.41
80484,2022,1955,Yes,4,3080,Brick,Metal,No,Yes,No,4.72,621481.11,2143.35
80271,2019,2002,No,5,3697,Frame,Metal,Yes,No,Yes,1.12,576352.15,2019.72
80411,2020,1964,No,4,3892,Frame,Metal,Yes,Yes,Yes,6.32,546599.37,2206.31
80765,2021,1988,Yes,2,1958,Fire Resistive,Tile,Yes,Yes,No,0.97,401853.88,1615.75
80158,2019,2001,No,3,2471,Fire Resistive,Shingle,Yes,Yes,No,3.94,485671.56,1857.29
80180,2019,1996,No,3,1465,Brick,Metal,No,No,Yes,5.8,290539.64,1249.81
80582,2021,2018,No,4,2824,Brick,Metal,Yes,No,Yes,7.4,569605.4,1813.86
80365,2018,2016,No,4,1267,Fire Resistive,Metal,No,Yes,Yes,7.19,184885.17,1345.42
80371,2018,1989,No,3,2697,Fire Resistive,Tile,Yes,Yes,No,0.73,454922.57,1778.23
80154,2020,2009,No,4,2081,Brick,Tile,No,Yes,Yes,7.91,310629.88,1665.5
80720,2022,2008,No,4,3142,Fire Resistive,Metal,Yes,Yes,Yes,3.69,656829.68,1954.63
80390,2018,2010,Yes,5,1125,Frame,Tile,Yes,Yes,No,1.84,213596.83,1584.71
80782,2022,1999,No,2,2015,Frame,Shingle,No,No,Yes,7.82,335440.76,1458.2
80255,2019,1978,Yes,5,1833,Fire Resistive,Tile,Yes,Yes,No,6.95,265940.2,1827.57
80244,2021,1973,No,3,3360,Frame,Metal,Yes,No,Yes,5.2,553992.05,1964.66
80359,2020,2000,Yes,5,2715,Fire Resistive,Tile,No,No,No,4.97,450729.82,1859.77
80971,2018,1981,No,4,3730,Frame,Tile,No,Yes,Yes,3.35,739914.48,2034.7
80950,2020,2002,No,5,1001,Brick,Metal,No,No,No,0.4,191195.6,1161.85
80967,2022,2019,No,3,1348,Frame,Shingle,No,Yes,Yes,4.75,284397.02,1286.94
80129,2021,1971,No,2,2425,Fire Resistive,Metal,No,Yes,No,3.89,431109.7,1770.05
80555,2022,1965,Yes,3,3584,Brick,Metal,No,Yes,Yes,7.28,536050.06,2186.17
80186,2020,1991,No,4,3809,Fire Resistive,Metal,No,Yes,Yes,4.34,750599.95,1921.17
80357,2019,1977,No,5,1038,Brick,Metal,Yes,Yes,No,6.02,208495.59,1550.9
80695,2019,2021,No,4,2693,Brick,Tile,No,Yes,No,7.7,497941.56,1888.49
80537,2022,1992,Yes,5,2069,Fire Resistive,Shingle,No,Yes,Yes,0.93,417270.49,1643.11
80434,2021,1967,No,4,3747,Brick,Tile,No,Yes,No,4.22,672600.17,2279.47
80980,2022,2016,No,2,3009,Frame,Metal,No,Yes,No,7.17,547092.25,1771.53
80824,2018,1962,No,2,2744,Frame,Tile,Yes,Yes,Yes,7.13,478013.8,1958.8
80305,2021,1980,No,2,3182,Frame,Metal,No,No,No,2.65,451950.69,1773.01
80780,2021,1978,No,4,1990,Brick,Shingle,Yes,Yes,Yes,5.07,295776.32,1656.71
80530,2022,1964,No,4,2919,Frame,Metal,No,No,No,5.29,415999.34,1889.2
80465,2021,1979,No,2,3954,Fire Resistive,Tile,Yes,Yes,No,6.41,754869.34,2139.29
80513,2019,1962,Yes,4,3016,Fire Resistive,Shingle,No,Yes,Yes,5.89,498087.81,2185.31
80051,2020,1993,Yes,2,2230,Fire Resistive,Metal,Yes,Yes,Yes,5.72,402929.01,1610.06
80940,2019,1961,No,2,2903,Fire Resistive,Tile,No,Yes,No,5.72,617193.24,1812.9
80885,2021,1955,Yes,5,3081,Fire Resistive,Tile,Yes,No,No,3.16,492785.55,2174.17
80745,2020,1956,No,2,2131,Frame,Tile,No,Yes,Yes,4.64,368302.08,1697.22
80304,2018,1979,No,3,3033,Fire Resistive,Shingle,No,Yes,No,6.35,607946.93,1954.75
80056,2022,1981,Yes,2,3593,Fire Resistive,Shingle,No,No,Yes,2.16,568785.74,1771.42
80987,2021,1950,No,4,3715,Fire Resistive,Shingle,No,Yes,No,2.92,542978.43,2160.61
80945,2022,1998,Yes,4,2532,Fire Resistive,Tile,No,Yes,No,4.53,413172.05,1865.0
80342,2020,1993,No,3,2437,Brick,Shingle,Yes,No,Yes,2.09,372611.7,1500.92
80515,2022,1961,Yes,4,1936,Frame,Shingle,Yes,No,No,3.78,415031.57,1762.07
80067,2021,2006,No,3,2856,Brick,Metal,Yes,No,No,4.21,584479.34,1747.98
80139,2021,1988,No,4,1212,Frame,Metal,Yes,Yes,Yes,1.51,231094.83,1405.53
80661,2019,2019,Yes,2,3433,Frame,Shingle,No,Yes,Yes,2.07,719957.94,2022.04
80473,2022,2012,Yes,2,3345,Brick,Metal,No,No,No,1.47,683362.65,1803.92
80615,2022,1988,Yes,4,2398,Brick,Shingle,No,Yes,Yes,5.9,371511.6,1813.93
80489,2019,1973,No,5,2130,Brick,Shingle,No,Yes,Yes,0.9,450292.05,1618.43
80354,2019,1953,Yes,2,3103,Frame,Tile,Yes,Yes,Yes,2.11,568306.32,1902.16
80003,2022,2017,No,4,3507,Fire Resistive,Shingle,No,No,Yes,5.82,717515.41,1823.31
80907,2020,1989,No,3,2064,Frame,Shingle,Yes,No,No,7.36,436922.6,1612.93
80259,2020,1953,No,2,2484,Fire Resistive,Shingle,No,Yes,Yes,2.17,410953.65,1634.71
80755,2018,1974,Yes,5,3996,Fire Resistive,Metal,No,Yes,No,7.18,594621.4,2352.81
80222,2019,1985,No,4,1741,Fire Resistive,Shingle,Yes,No,No,2.84,275486.81,1437.27
80262,2020,1991,Yes,5,1952,Frame,Shingle,No,Yes,No,6.82,339977.15,1850.11
80265,2021,2011,No,5,1620,Fire Resistive,Tile,Yes,Yes,No,4.19,332814.71,1655.96
80087,2021,1987,No,3,3061,Frame,Metal,Yes,No,No,4.67,639315.71,1742.95
80014,2019,2007,Yes,5,3825,Brick,Shingle,No,Yes,Yes,3.86,537627.35,2233.93
80998,2021,1953,No,2,3598,Frame,Shingle,Yes,Yes,Yes,6.1,650733.5,2145.68
80467,2018,1964,No,2,2246,Frame,Tile,No,Yes,Yes,3.24,389440.41,1603.92
80889,2021,1985,Yes,4,1499,Fire Resistive,Metal,No,Yes,Yes,5.24,236495.17,1542.23
80198,2018,2021,Yes,4,3038,Brick,Metal,Yes,Yes,Yes,4.87,454452.08,1994.33
80140,2022,2006,Yes,2,2281,Brick,Shingle,No,Yes,Yes,2.15,380948.02,1570.06
80438,2021,2014,No,4,3736,Fire Resistive,Metal,No,Yes,No,6.31,804856.85,2156.82
80539,2021,1954,No,4,3546,Brick,Tile,Yes,Yes,Yes,4.01,588126.21,2072.61
80806,2020,1962,Yes,2,2098,Fire Resistive,Metal,Yes,No,No,3.73,380793.82,1563.74
80401,2022,2018,No,2,1548,Fire Resistive,Tile,No,No,Yes,4.71,303781.87,1202.28
80957,2019,1967,Yes,5,3271,Frame,Shingle,Yes,No,Yes,6.91,553094.59,2213.94
80878,2019,1982,No,4,3643,Fire Resistive,Tile,Yes,No,Yes,2.52,793236.17,2089.61
80842,2018,2015,Yes,3,1395,Frame,Metal,Yes,No,No,2.76,302709.12,1393.11
80867,2021,1972,Yes,3,3437,Fire Resistive,Tile,No,Yes,No,3.11,550410.06,2137.5
80628,2021,1952,No,5,3157,Fire Resistive,Metal,No,Yes,No,1.67,567565.08,2150.88
80099,2021,1979,Yes,2,2397,Fire Resistive,Metal,No,Yes,No,6.25,393276.42,1871.89
80193,2020,2012,Yes,4,1254,Fire Resistive,Shingle,No,Yes,Yes,3.89,204135.2,1372.51
80815,2019,1979,No,2,3277,Fire Resistive,Shingle,No,Yes,Yes,0.95,468450.28,1900.44
80493,2021,1999,No,3,2222,Fire Resistive,Metal,No,No,No,5.63,419436.16,1630.08
80016,2022,2019,Yes,2,2695,Brick,Tile,Yes,Yes,Yes,1.2,485677.6,1700.03
80645,2019,1987,Yes,4,1480,Fire Resistive,Metal,No,Yes,Yes,5.48,213295.08,1431.03
80360,2022,1981,Yes,5,1283,Fire Resistive,Shingle,Yes,Yes,Yes,3.21,208220.27,1586.22
80109,2022,1975,No,3,3230,Fire Resistive,Tile,Yes,Yes,Yes,4.99,686895.9,2070.32
80086,2018,1969,Yes,5,2155,Frame,Tile,Yes,Yes,No,2.02,343000.47,1782.56
80046,2018,1984,No,4,1945,Fire Resistive,Metal,No,No,Yes,5.01,294845.64,1474.72
80271,2020,1952,Yes,4,3443,Brick,Tile,Yes,Yes,No,0.93,616834.87,2224.33
80315,2020,2021,No,4,3507,Fire Resistive,Metal,Yes,Yes,Yes,7.71,767514.09,2127.53
80296,2020,2019,Yes,4,3667,Fire Resistive,Metal,No,Yes,Yes,6.91,584389.33,2176.33
80409,2018,2016,No,3,2596,Frame,Metal,No,Yes,No,2.26,503029.11,1755.01
80301,2021,1999,No,3,3497,Brick,Tile,No,Yes,No,2.52,702650.7,2029.57
80433,2019,1979,Yes,4,2827,Brick,Shingle,Yes,Yes,No,7.41,449524.11,2057.66
80768,2019,2017,No,5,2853,Frame,Shingle,Yes,Yes,Yes,1.97,565628.1,1868.38
80419,2018,2009,No,5,3411,Brick,Tile,Yes,No,No,4.23,577900.66,2022.76
80925,2020,1963,Yes,2,1029,Brick,Tile,Yes,Yes,No,4.8,196111.42,1511.37
80385,2020,2015,No,2,1571,Fire Resistive,Tile,No,No,Yes,2.17,299562.01,1121.86
80979,2019,1997,Yes,2,2360,Fire Resistive,Tile,No,Yes,Yes,4.73,431554.26,1609.13
80836,2021,1970,Yes,4,2636,Frame,Shingle,No,No,No,5.44,388080.31,1895.73
80926,2021,1988,No,5,3592,Frame,Shingle,No,No,Yes,7.0,742912.53,1926.17
80903,2021,2012,No,3,1287,Brick,Metal,No,No,No,4.83,213207.52,1287.03
80861,2022,1988,Yes,3,2049,Brick,Tile,Yes,Yes,Yes,7.22,317434.11,1753.42
80486,2018,1994,Yes,2,1142,Brick,Metal,Yes,No,No,4.59,163605.22,1385.46
80060,2019,1957,No,3,2118,Brick,Shingle,Yes,Yes,No,5.18,396640.9,1690.43
80321,2022,2009,Yes,3,2353,Frame,Shingle,No,No,No,7.67,456964.72,1725.17
80884,2020,2018,Yes,2,3811,Brick,Shingle,Yes,No,Yes,6.58,538597.3,1989.03
80766,2018,1973,Yes,5,2392,Brick,Shingle,Yes,Yes,No,7.82,432874.13,2096.36
80972,2018,1971,No,3,1212,Frame,Shingle,No,No,Yes,4.56,191641.03,1264.94
80323,2021,2011,Yes,5,1166,Fire Resistive,Metal,Yes,Yes,Yes,2.13,223421.72,1491.61
80812,2020,2001,No,5,1574,Frame,Shingle,No,Yes,No,7.05,242316.22,1605.52
80819,2022,1969,No,3,1310,Brick,Metal,Yes,No,No,5.48,255810.27,1433.31
80647,2019,1987,Yes,4,1931,Fire Resistive,Metal,Yes,Yes,Yes,7.63,330082.88,1845.03
80998,2018,1964,Yes,4,3391,Fire Resistive,Shingle,No,Yes,No,2.75,728856.11,2041.79
80088,2022,1950,Yes,3,2555,Frame,Metal,No,No,Yes,5.98,385809.28,1749.45
80966,2021,2006,Yes,5,2028,Frame,Tile,Yes,Yes,Yes,3.49,339254.6,1744.37
80141,2020,1950,Yes,2,2924,Fire Resistive,Metal,Yes,No,No,1.59,435903.73,1877.22
80412,2018,1953,Yes,5,1948,Frame,Tile,Yes,Yes,No,1.85,416824.25,1844.97
80364,2022,1999,Yes,3,2009,Fire Resistive,Tile,No,No,No,2.16,422265.98,1560.23
80319,2018,1979,Yes,5,3383,Fire Resistive,Metal,No,No,Yes,4.16,543429.32,1991.08
80340,2018,1966,Yes,5,2456,Brick,Tile,Yes,No,No,6.23,473513.67,1945.88
80932,2018,1956,No,3,3963,Brick,Metal,No,No,Yes,7.5,813912.13,2065.49
80631,2019,1976,No,2,2303,Brick,Shingle,Yes,No,No,1.01,424710.2,1617.16
80496,2021,1990,Yes,4,3307,Frame,Tile,Yes,Yes,No,6.56,603104.36,2194.17
80480,2022,1972,Yes,5,2284,Frame,Metal,Yes,No,No,2.62,363951.25,1840.43
80377,2020,1997,Yes,3,3696,Brick,Metal,Yes,Yes,Yes,3.3,544968.63,2163.63
80424,2022,1979,No,4,3992,Fire Resistive,Tile,Yes,Yes,Yes,4.55,845414.82,2203.29
80472,2021,2011,Yes,4,1310,Brick,Tile,Yes,Yes,Yes,5.93,277763.81,1499.43
80884,2022,2014,Yes,4,1786,Fire Resistive,Shingle,No,Yes,No,1.6,340497.54,1560.1
80762,2021,1975,No,5,3722,Fire Resistive,Tile,Yes,No,No,2.72,622029.51,2128.66
80959,2018,1996,No,2,1698,Fire Resistive,Metal,Yes,Yes,Yes,3.68,285156.63,1424.11
80058,2022,2010,No,5,1747,Frame,Metal,Yes,Yes,Yes,4.64,346039.57,1465.58
80493,2019,1958,Yes,3,3055,Fire Resistive,Shingle,No,No,No,6.62,646953.75,2049.23
80077,2019,1969,Yes,2,3651,Fire Resistive,Tile,Yes,No,No,4.13,770240.2,2143.93
80008,2018,1991,No,3,1791,Frame,Metal,Yes,Yes,Yes,1.76,362480.57,1446.44
80206,2020,1977,No,2,2440,Fire Resistive,Metal,Yes,No,Yes,2.62,466924.58,1564.25
80390,2018,2005,No,4,3963,Frame,Metal,Yes,No,Yes,5.24,581495.73,2135.54
80065,2021,1967,Yes,5,3394,Brick,Tile,No,No,Yes,2.31,519045.43,1953.63
80222,2022,1975,No,5,3324,Brick,Shingle,Yes,No,No,1.91,704303.53,2119.77
80198,2019,1982,No,5,1856,Fire Resistive,Tile,Yes,Yes,No,2.47,349882.59,1710.94
80552,2021,2010,Yes,5,3022,Frame,Shingle,Yes,No,Yes,3.53,425303.48,1761.3
80887,2018,2013,No,4,1203,Fire Resistive,Metal,Yes,Yes,Yes,2.57,178185.62,1408.24
80970,2019,2002,Yes,2,3168,Fire Resistive,Shingle,Yes,No,No,5.96,611677.89,2002.2
80076,2021,2018,No,5,3302,Fire Resistive,Shingle,Yes,Yes,Yes,6.49,463617.07,2109.24
80460,2018,2019,No,4,1393,Fire Resistive,Metal,Yes,Yes,No,0.53,212940.45,1379.59
80665,2018,2017,No,5,1700,Fire Resistive,Shingle,No,No,Yes,3.78,312627.8,1342.35
80490,2020,1974,No,2,3291,Frame,Tile,Yes,No,Yes,2.33,642902.17,1805.85
80635,2019,1977,No,3,3734,Fire Resistive,Shingle,No,Yes,No,3.24,717513.87,2097.85
80497,2021,2020,Yes,2,1958,Fire Resistive,Metal,No,Yes,No,1.66,309249.54,1537.76
80135,2020,2005,No,5,1401,Frame,Shingle,Yes,No,No,0.72,275961.05,1446.99
80781,2022,2017,Yes,3,3099,Frame,Metal,Yes,Yes,No,5.18,492678.79,2113.7
80428,2020,1954,No,2,3220,Brick,Metal,Yes,No,Yes,7.71,534622.96,1869.45
80763,2018,1994,Yes,2,1771,Frame,Metal,No,Yes,No,5.93,353702.9,1622.49
80257,2022,1961,Yes,4,3049,Frame,Shingle,No,No,No,7.84,585318.46,2116.69
80759,2018,1966,No,5,1190,Brick,Metal,No,No,Yes,7.73,247446.07,1330.16
80681,2021,1998,Yes,4,3316,Brick,Shingle,Yes,No,No,2.96,638691.55,1974.76
80206,2020,1987,Yes,3,3572,Frame,Shingle,Yes,Yes,Yes,5.96,662479.87,2277.64
80440,2021,2002,Yes,2,3685,Brick,Metal,No,No,No,6.55,543515.32,1973.47
80471,2020,1976,No,4,2384,Brick,Metal,No,Yes,Yes,3.86,403890.76,1657.78
80575,2021,1999,No,2,2395,Frame,Metal,Yes,No,No,2.71,386112.77,1604.9
80481,2018,1965,Yes,2,3191,Frame,Metal,No,No,No,7.48,509025.68,2032.73
80515,2022,2000,No,2,1336,Frame,Shingle,No,No,Yes,0.57,291035.37,1085.41
80017,2022,1987,No,3,3715,Frame,Tile,No,No,Yes,3.3,636928.64,1882.24
80088,2022,1960,Yes,2,1622,Fire Resistive,Tile,Yes,No,Yes,7.82,342831.96,1577.84
80750,2018,1963,No,5,3521,Frame,Shingle,No,No,Yes,1.23,670719.13,1736.12
80215,2021,1974,No,4,3027,Fire Resistive,Shingle,Yes,Yes,No,0.56,616251.51,1948.55
80197,2018,1953,Yes,3,3617,Brick,Shingle,No,Yes,No,2.86,651823.07,2280.24
80609,2021,1986,Yes,2,3978,Fire Resistive,Tile,Yes,Yes,No,0.81,740513.89,2246.66
80562,2021,1991,No,5,2008,Fire Resistive,Metal,Yes,Yes,Yes,4.78,360238.04,1798.31
80357,2018,1967,Yes,5,2195,Fire Resistive,Shingle,Yes,Yes,Yes,5.01,341584.67,1848.93
80130,2021,1960,Yes,4,3239,Fire Resistive,Shingle,No,No,Yes,6.56,640661.79,1895.81
80658,2022,1981,Yes,5,2422,Fire Resistive,Shingle,Yes,Yes,No,7.97,393482.45,2044.47
80814,2021,2004,Yes,2,2881,Frame,Shingle,Yes,Yes,No,0.43,408944.34,1896.51
80557,2021,1966,Yes,5,1053,Frame,Shingle,Yes,No,No,4.85,201794.59,1489.42
80953,2019,1963,No,5,1453,Brick,Tile,No,Yes,Yes,6.66,224007.35,1550.09
80931,2022,2019,Yes,3,1469,Brick,Shingle,No,Yes,Yes,5.52,316182.69,1299.54
80530,2022,2017,Yes,3,2298,Frame,Shingle,Yes,Yes,Yes,1.4,497090.23,1682.84
80475,2020,2004,Yes,5,2228,Fire Resistive,Metal,Yes,Yes,No,5.0,474985.43,1903.65
80686,2019,2014,Yes,4,1797,Brick,Shingle,No,Yes,Yes,1.65,304794.01,1487.38
80950,2022,1992,Yes,5,2398,Fire Resistive,Metal,No,Yes,No,7.37,338685.2,1970.63
80503,2019,1995,Yes,2,1057,Fire Resistive,Tile,Yes,No,Yes,7.78,226478.62,1285.28
80073,2022,1978,No,3,1148,Brick,Tile,No,No,No,5.31,200044.43,1199.39
80977,2020,2002,Yes,2,2596,Brick,Shingle,No,Yes,No,4.49,564194.87,1863.25
80574,2018,1998,No,4,1794,Brick,Metal,No,Yes,No,1.25,389458.74,1459.5
80707,2019,2010,No,4,3309,Fire Resistive,Shingle,No,No,Yes,6.3,689068.66,1736.67
80651,2019,2013,No,3,3520,Fire Resistive,Metal,Yes,No,No,6.53,575716.81,1976.71
80410,2020,2008,No,5,3193,Frame,Metal,Yes,No,Yes,2.97,545389.36,1939.44
80092,2021,1993,Yes,2,2210,Brick,Shingle,No,No,No,5.22,459880.96,1627.37
80459,2018,1958,No,2,3544,Frame,Tile,No,No,No,1.91,586013.73,1807.55
80906,2019,1991,No,3,1161,Fire Resistive,Metal,No,No,No,7.41,178282.49,1295.47
80899,2018,1975,Yes,5,2144,Frame,Tile,No,Yes,No,0.88,395662.55,1858.35
80557,2021,1980,Yes,2,3902,Fire Resistive,Shingle,No,Yes,No,5.73,838510.07,2260.03
80634,2021,2002,No,2,3432,Frame,Shingle,No,No,Yes,6.01,671581.94,1746.68
80442,2020,2002,Yes,3,1832,Frame,Tile,No,Yes,Yes,5.71,340028.17,1538.47
80187,2021,1971,No,2,1710,Brick,Shingle,No,Yes,Yes,6.16,252693.74,1529.36
80407,2022,2012,No,3,2444,Frame,Shingle,Yes,No,Yes,7.69,462406.21,1452.84
80281,2021,2018,Yes,4,1356,Frame,Shingle,Yes,No,Yes,3.47,297241.04,1300.54
80795,2021,1998,Yes,4,1682,Brick,Shingle,No,Yes,Yes,1.77,254329.71,1485.98
80441,2019,1959,Yes,2,3653,Brick,Metal,Yes,Yes,Yes,1.21,662896.66,2043.36
80622,2020,2006,No,2,2634,Fire Resistive,Shingle,No,Yes,No,0.81,553640.05,1646.72
80507,2022,2003,No,4,1835,Frame,Shingle,No,No,No,3.8,365644.83,1516.46
80259,2018,2019,Yes,2,3692,Brick,Shingle,No,No,Yes,1.05,722750.57,1933.31
80611,2020,1993,Yes,5,1528,Frame,Tile,Yes,No,No,6.64,299791.65,1599.7
80718,2022,1998,Yes,3,2713,Fire Resistive,Tile,Yes,Yes,Yes,4.0,457843.96,1795.75
80341,2022,1969,Yes,5,2047,Frame,Metal,Yes,Yes,Yes,6.62,334658.6,1920.57
80955,2019,1951,No,5,2993,Frame,Tile,Yes,Yes,No,5.28,612813.44,2173.32
80502,2019,1973,No,4,3668,Fire Resistive,Shingle,No,No,Yes,7.38,751239.67,2043.24
80432,2022,1959,No,2,3853,Fire Resistive,Shingle,No,Yes,Yes,6.76,806686.37,2174.33
80312,2018,1981,Yes,2,1311,Frame,Metal,Yes,No,Yes,2.36,279320.67,1381.9
80983,2018,2015,No,4,3655,Fire Resistive,Tile,Yes,No,Yes,5.68,661216.52,1998.7
80855,2018,1954,No,5,1659,Fire Resistive,Shingle,No,No,No,7.2,298821.24,1552.07
80612,2021,2009,Yes,2,2869,Fire Resistive,Metal,Yes,No,No,4.27,584884.71,1796.78
80900,2020,1962,No,5,1377,Fire Resistive,Tile,Yes,Yes,Yes,5.99,264380.03,1687.19
80325,2021,2008,Yes,2,3537,Fire Resistive,Tile,Yes,No,No,0.58,693808.55,1928.65
80112,2022,1995,No,4,1219,Fire Resistive,Metal,Yes,No,Yes,5.1,248265.7,1257.2
80312,2018,1974,Yes,5,2478,Brick,Metal,No,No,No,5.94,523354.66,1769.58
80572,2018,2005,No,4,3489,Fire Resistive,Metal,Yes,No,Yes,4.55,582801.21,1849.01
80649,2022,1969,No,3,2467,Brick,Metal,No,No,Yes,2.38,419505.05,1502.32
80194,2020,1986,Yes,3,1469,Fire Resistive,Shingle,No,Yes,Yes,7.53,216704.76,1444.59
80997,2022,1980,Yes,2,2155,Brick,Metal,Yes,No,No,3.79,401395.5,1623.72
80673,2022,1955,No,5,3928,Frame,Shingle,Yes,Yes,No,4.53,561214.5,2417.75
80069,2018,1964,No,2,3779,Fire Resistive,Shingle,No,Yes,No,0.69,669819.59,1961.33
80636,2018,2020,Yes,2,1812,Brick,Metal,No,Yes,Yes,6.56,332341.77,1525.71
80393,2020,1987,Yes,2,1986,Frame,Metal,No,No,Yes,3.49,323565.67,1454.61
80207,2019,1952,No,5,3832,Fire Resistive,Tile,No,No,No,2.79,717605.84,2190.25
80251,2018,1996,Yes,5,1839,Frame,Shingle,No,Yes,Yes,7.34,261947.2,1672.14
80540,2019,1967,No,5,1369,Frame,Shingle,Yes,No,No,2.19,195750.37,1472.35
80322,2018,1961,Yes,2,2014,Fire Resistive,Metal,Yes,Yes,Yes,1.3,414497.4,1519.32
80010,2020,1998,No,2,1250,Frame,Tile,Yes,Yes,No,3.88,211019.06,1421.88
80740,2021,1953,No,2,1161,Frame,Metal,Yes,Yes,No,6.0,174341.38,1492.92
80771,2018,1967,No,4,1662,Fire Resistive,Shingle,Yes,No,Yes,0.53,302117.46,1440.23
80944,2022,1970,Yes,3,3460,Frame,Tile,Yes,Yes,Yes,5.81,697534.22,2141.19
80771,2020,1963,No,2,2492,Fire Resistive,Shingle,No,Yes,No,4.22,391906.08,1803.37
80791,2019,2002,No,4,3494,Fire Resistive,Shingle,Yes,Yes,No,5.48,663270.35,2233.44
80731,2018,2016,Yes,2,1592,Frame,Shingle,Yes,No,Yes,5.52,233749.85,1335.14
80695,2021,1972,Yes,3,2338,Fire Resistive,Tile,Yes,No,No,2.65,336986.55,1700.33
80290,2021,1964,No,2,3230,Frame,Tile,Yes,No,Yes,1.58,589502.04,1685.34
80293,2021,1986,Yes,4,3880,Fire Resistive,Shingle,Yes,Yes,Yes,0.36,711013.14,2205.39
80305,2018,2019,Yes,4,3369,Fire Resistive,Tile,No,Yes,No,0.38,643460.11,2026.55
80855,2021,1988,Yes,2,1992,Brick,Shingle,No,Yes,No,6.99,394589.91,1700.04
80853,2022,2010,Yes,5,3230,Fire Resistive,Shingle,Yes,Yes,No,4.17,704360.18,2213.82
80665,2019,1957,Yes,3,3002,Frame,Shingle,No,Yes,No,2.74,544274.69,2090.74
80401,2019,1966,Yes,3,3991,Fire Resistive,Metal,Yes,No,No,7.31,661853.54,2355.49
80186,2022,1977,Yes,4,2158,Fire Resistive,Shingle,No,Yes,No,7.43,439400.94,1904.53
80194,2019,2012,Yes,2,1749,Brick,Metal,Yes,No,Yes,4.39,282754.85,1362.07
80301,2021,1966,No,2,1562,Brick,Metal,No,Yes,No,4.5,273533.87,1545.74
80010,2021,2018,No,3,1955,Fire Resistive,Shingle,No,Yes,No,5.14,285970.58,1627.68
80136,2022,1967,No,4,1191,Brick,Metal,No,No,No,5.64,169155.42,1410.48
80757,2020,2008,No,4,2559,Brick,Metal,No,Yes,Yes,2.81,555333.38,1688.59
80992,2022,2001,No,5,2764,Fire Resistive,Metal,Yes,No,No,5.98,571811.92,1949.1
80281,2022,1970,No,5,3785,Frame,Tile,No,Yes,No,0.35,740640.99,2196.29
80355,2018,2015,Yes,5,1621,Brick,Shingle,Yes,Yes,Yes,6.51,279973.02,1669.3
80579,2018,2002,Yes,2,1312,Brick,Tile,No,Yes,Yes,5.47,201868.97,1391.11
80627,2020,1988,Yes,3,2274,Brick,Metal,No,Yes,Yes,6.99,346819.03,1688.44
80321,2022,1973,No,5,2783,Fire Resistive,Tile,Yes,No,No,5.04,445334.08,1959.26
80519,2018,1958,Yes,2,2017,Brick,Tile,No,No,Yes,4.88,371003.21,1539.25
80454,2022,2003,No,4,1275,Frame,Metal,No,No,Yes,2.01,251388.78,1178.28
80867,2020,1974,Yes,3,1389,Brick,Shingle,No,Yes,No,3.45,267821.13,1576.32
80225,2018,1973,No,3,3951,Brick,Metal,No,No,Yes,6.31,641621.51,2099.55
80679,2018,1964,No,4,2062,Fire Resistive,Metal,No,No,Yes,4.16,446194.58,1545.75
80978,2019,1972,Yes,2,2038,Frame,Metal,No,Yes,No,5.99,405626.71,1648.6
80220,2021,1967,Yes,2,2134,Brick,Metal,No,No,Yes,7.85,393399.32,1598.29
80422,2022,1958,Yes,2,2991,Brick,Tile,No,No,No,3.75,565112.54,1914.83
80901,2020,1960,No,2,3931,Fire Resistive,Tile,Yes,Yes,Yes,1.82,682295.83,2122.82
80137,2022,1996,Yes,5,2326,Frame,Tile,Yes,Yes,No,3.67,371737.78,2049.27
80168,2022,1961,Yes,5,1590,Fire Resistive,Metal,Yes,No,No,2.83,267879.72,1665.88
80489,2022,1978,Yes,5,3624,Fire Resistive,Shingle,No,Yes,Yes,1.85,727074.74,2111.97
80324,2020,2003,No,3,1781,Brick,Metal,Yes,Yes,Yes,7.92,251390.78,1555.74
80506,2021,1988,No,2,1885,Frame,Tile,No,No,No,3.73,281403.75,1365.19
80215,2022,1959,Yes,3,1366,Fire Resistive,Shingle,Yes,No,Yes,7.85,196267.17,1549.68
80744,2018,1955,Yes,5,1920,Fire Resistive,Tile,Yes,Yes,Yes,5.73,275055.94,1819.98
80405,2019,1998,Yes,3,3737,Frame,Shingle,Yes,Yes,Yes,3.18,778928.5,2116.88
80601,2021,1960,No,3,2783,Fire Resistive,Shingle,Yes,Yes,Yes,0.2,546282.39,1884.42
80818,2021,1986,No,3,1805,Frame,Shingle,Yes,No,No,3.27,321170.7,1542.78
80932,2022,1972,Yes,5,3793,Frame,Shingle,No,No,Yes,2.63,560706.8,2127.84
80044,2020,2018,Yes,3,2546,Fire Resistive,Metal,No,Yes,No,3.78,456572.32,1771.67
80604,2021,1964,Yes,3,2607,Fire Resistive,Shingle,Yes,No,No,4.65,463727.27,1873.92
80995,2019,2013,No,3,3006,Fire Resistive,Tile,Yes,No,No,5.1,462491.59,1725.65
80339,2019,2007,No,3,1459,Fire Resistive,Metal,Yes,Yes,Yes,1.23,254899.16,1363.72
80337,2020,1994,No,5,3437,Brick,Shingle,Yes,Yes,Yes,5.03,590752.86,2190.37
80999,2022,1965,Yes,2,3182,Frame,Shingle,Yes,Yes,No,4.44,602250.8,2143.36
80383,2019,2003,No,2,3939,Fire Resistive,Tile,No,No,Yes,1.19,751590.71,1849.61
80108,2018,1984,Yes,5,2639,Fire Resistive,Tile,No,No,No,1.8,379024.58,1790.72
80573,2019,1963,Yes,4,3594,Brick,Metal,Yes,Yes,No,4.34,610868.62,2440.33
80872,2021,2003,Yes,5,1911,Brick,Tile,No,Yes,Yes,5.35,363221.46,1723.14
80247,2022,1993,Yes,2,2764,Fire Resistive,Metal,Yes,No,Yes,1.52,498213.49,1644.05
80759,2021,2021,No,2,3376,Brick,Tile,Yes,No,No,5.37,703960.78,1922.49
80014,2019,1992,No,5,3041,Brick,Tile,Yes,Yes,No,2.64,585986.99,1998.09
80974,2020,1972,No,4,2419,Frame,Metal,No,Yes,No,6.67,370191.07,1773.04
80535,2021,2021,Yes,3,1525,Brick,Metal,Yes,No,Yes,3.23,222109.39,1401.81
80830,2021,1950,Yes,3,1727,Fire Resistive,Shingle,No,Yes,No,6.55,330536.65,1788.07
80924,2020,2017,No,3,1432,Frame,Metal,Yes,No,No,2.03,203517.14,1276.47
80629,2018,2001,Yes,5,2861,Fire Resistive,Metal,Yes,No,Yes,5.96,534612.32,2057.95
80592,2019,1996,Yes,5,1531,Frame,Tile,No,No,No,4.37,329499.4,1510.98
80752,2020,1967,Yes,3,2564,Fire Resistive,Shingle,No,No,Yes,5.24,477001.26,1742.69
80238,2020,2018,Yes,3,3401,Fire Resistive,Tile,Yes,Yes,Yes,3.74,581753.27,2167.38
80152,2022,1993,No,5,1907,Brick,Tile,Yes,No,Yes,7.89,365120.05,1568.45
80126,2021,1997,Yes,3,1385,Frame,Metal,No,Yes,Yes,5.62,244674.42,1415.27
80143,2019,1967,Yes,4,1651,Brick,Shingle,Yes,No,No,3.23,303205.07,1548.6
80945,2020,1970,No,2,1210,Fire Resistive,Metal,No,Yes,Yes,5.98,260533.79,1338.93
80464,2019,2014,Yes,3,1953,Fire Resistive,Metal,Yes,Yes,Yes,5.93,333744.68,1629.86
80639,2021,1970,No,3,2178,Fire Resistive,Tile,Yes,Yes,Yes,1.16,472397.84,1638.08
80494,2021,1976,Yes,4,1175,Fire Resistive,Metal,No,Yes,Yes,2.01,249602.96,1400.65
80596,2019,1981,Yes,2,1659,Brick,Tile,No,Yes,Yes,5.75,258245.4,1434.96
80747,2018,1969,No,5,2378,Brick,Shingle,Yes,Yes,Yes,3.07,346115.29,1877.45
80751,2018,1995,Yes,3,1080,Fire Resistive,Shingle,No,Yes,No,3.37,159907.22,1409.16
80218,2022,2014,Yes,3,2463,Frame,Shingle,Yes,No,No,4.07,348410.43,1747.55
80885,2019,1969,No,4,3712,Frame,Shingle,Yes,Yes,No,6.27,547725.78,2237.4
80516,2021,1979,No,4,2235,Fire Resistive,Shingle,No,Yes,Yes,3.83,435021.61,1677.1
80149,2022,2017,Yes,3,2726,Frame,Metal,Yes,Yes,No,2.37,397164.82,1792.96
80544,2020,1967,Yes,2,1025,Frame,Metal,No,No,No,5.5,169656.0,1405.35
80423,2021,2020,No,5,3603,Brick,Tile,Yes,Yes,Yes,6.94,747946.86,2097.55
80385,2022,1965,Yes,2,3840,Brick,Shingle,No,Yes,Yes,4.27,544749.14,2169.76
80866,2019,1982,Yes,5,2158,Brick,Metal,Yes,No,Yes,5.67,442729.84,1786.25
80106,2020,1985,Yes,3,2552,Fire Resistive,Tile,No,Yes,No,6.71,414823.47,1922.18
80466,2019,1967,Yes,3,2651,Fire Resistive,Tile,Yes,Yes,No,1.43,396200.4,1958.66
80615,2019,1976,No,3,2573,Fire Resistive,Shingle,Yes,No,No,4.88,503636.38,1790.07
80858,2021,1960,No,2,1040,Fire Resistive,Metal,No,Yes,No,5.9,197928.04,1322.91
80359,2018,1986,Yes,4,1737,Fire Resistive,Tile,Yes,No,No,1.17,365113.51,1548.64
80419,2020,1992,Yes,5,3469,Fire Resistive,Tile,No,No,Yes,3.75,689656.92,1950.25
80570,2021,2019,No,5,3397,Fire Resistive,Shingle,Yes,No,No,1.58,693933.98,1936.42
80934,2018,1971,Yes,4,3754,Brick,Tile,No,Yes,No,3.81,610260.62,2403.36
80769,2019,1982,Yes,5,1078,Brick,Metal,No,No,No,0.26,166222.39,1265.72
80488,2020,1960,Yes,4,3626,Brick,Metal,No,No,Yes,5.97,725378.33,2023.02
80436,2018,1981,No,3,2122,Brick,Metal,No,Yes,No,6.6,434048.27,1668.98
80913,2021,1955,Yes,5,3133,Fire Resistive,Shingle,Yes,Yes,No,6.66,686880.21,2315.73
80173,2020,1976,No,2,1428,Frame,Shingle,Yes,No,Yes,6.5,247057.44,1374.24
80790,2022,1962,No,3,2010,Fire Resistive,Tile,No,Yes,Yes,0.63,341220.51,1520.15
80510,2018,2018,No,2,3877,Frame,Metal,No,No,No,2.47,783592.24,1909.96
80053,2022,1992,No,3,2148,Fire Resistive,Metal,No,Yes,No,2.07,359283.68,1720.7
80985,2021,1951,Yes,5,2075,Fire Resistive,Shingle,No,Yes,No,3.93,445005.72,1829.33
80330,2022,2000,Yes,5,1274,Brick,Metal,Yes,Yes,No,7.37,265849.43,1685.17
80495,2018,2015,Yes,4,2063,Frame,Tile,No,Yes,No,1.66,359621.17,1676.18
80896,2021,2003,No,3,2936,Fire Resistive,Metal,No,Yes,No,6.34,587404.6,1766.97
80803,2021,1995,No,4,3998,Frame,Shingle,No,No,Yes,2.97,801052.99,2107.8
80881,2022,2020,Yes,3,3094,Fire Resistive,Metal,No,Yes,No,1.05,458685.22,1821.52
80083,2020,1960,Yes,2,1216,Brick,Shingle,No,Yes,No,2.98,258040.35,1436.42
80350,2020,2009,No,5,1648,Frame,Metal,No,No,No,1.82,297332.47,1371.29
80583,2018,1985,Yes,5,2549,Brick,Shingle,Yes,No,Yes,1.79,525391.21,1770.79
80039,2018,1957,No,2,1953,Frame,Shingle,Yes,No,Yes,7.9,323424.55,1591.47
80855,2020,1976,No,5,2874,Fire Resistive,Metal,Yes,No,No,2.53,608258.7,1929.46
80501,2020,1993,Yes,3,3792,Brick,Shingle,No,No,No,6.44,648948.22,2042.52
80851,2020,1976,No,4,2130,Brick,Tile,Yes,No,Yes,0.26,300046.74,1458.0
80886,2018,1995,Yes,4,1561,Brick,Metal,Yes,No,Yes,0.71,331604.1,1419.78
80334,2019,2020,Yes,2,3255,Frame,Tile,Yes,No,No,4.97,479471.05,1837.27
80029,2018,1996,Yes,5,3239,Fire Resistive,Tile,No,No,Yes,5.54,536200.55,2038.29
80019,2020,1952,Yes,3,3006,Frame,Tile,Yes,No,Yes,5.22,649310.9,1956.73
80293,2019,1995,No,5,3855,Fire Resistive,Shingle,Yes,Yes,No,7.0,832867.24,2333.83
80001,2021,1955,Yes,2,2322,Brick,Metal,No,Yes,Yes,1.96,431601.82,1610.13
80133,2018,2008,Yes,2,2145,Brick,Shingle,No,No,No,2.71,408723.27,1482.19
80361,2018,1967,Yes,3,3790,Brick,Tile,No,No,Yes,4.59,666568.68,2191.91
80081,2020,2014,Yes,3,3242,Fire Resistive,Metal,No,No,Yes,1.35,529927.15,1733.81
80675,2019,1952,Yes,4,1357,Frame,Shingle,Yes,No,Yes,4.27,225659.82,1470.94
80589,2022,2016,No,5,1017,Fire Resistive,Metal,Yes,No,Yes,4.96,197096.1,1200.58
80025,2022,1970,No,3,3215,Frame,Tile,No,No,Yes,3.88,643610.73,1713.84
80609,2019,1951,Yes,4,1727,Frame,Metal,Yes,Yes,Yes,6.3,351144.56,1831.95
80629,2022,1960,Yes,2,2747,Brick,Shingle,Yes,Yes,Yes,6.58,558106.48,1955.96
80477,2021,1989,Yes,5,3954,Frame,Shingle,No,No,Yes,2.3,582410.31,2177.96
80454,2021,1960,Yes,4,1556,Brick,Shingle,No,No,No,2.27,279385.44,1488.72
80442,2018,1963,No,2,2442,Brick,Tile,No,No,No,1.01,353124.68,1664.96
80413,2022,1950,No,3,2645,Brick,Metal,Yes,No,No,7.91,486580.31,1765.54
80593,2020,1990,No,2,1419,Brick,Metal,Yes,No,No,1.6,248782.54,1148.2
80405,2018,1970,Yes,2,1939,Fire Resistive,Tile,No,No,Yes,1.2,409160.67,1397.35
80144,2019,1968,Yes,5,2160,Fire Resistive,Shingle,No,No,Yes,4.36,363038.11,1683.25
80286,2021,2005,Yes,4,3049,Fire Resistive,Metal,Yes,Yes,No,6.53,455414.99,2202.18
80439,2020,1993,Yes,4,2106,Brick,Shingle,No,No,Yes,0.9,318931.24,1570.25
80464,2020,2021,Yes,4,3465,Fire Resistive,Metal,No,Yes,No,2.28,696190.75,2217.88
80158,2019,1954,Yes,4,1063,Brick,Tile,No,No,No,7.45,201393.26,1502.61
80012,2018,2006,No,2,2608,Fire Resistive,Tile,No,Yes,No,4.19,386218.24,1647.77
80602,2018,2013,Yes,4,3558,Frame,Shingle,Yes,No,Yes,1.55,522060.16,1939.38
80467,2018,1994,Yes,2,1894,Brick,Tile,Yes,Yes,Yes,1.91,371370.84,1512.75
80400,2019,1950,Yes,3,3168,Brick,Metal,No,Yes,Yes,6.03,461961.06,2089.68
80092,2019,1950,Yes,4,1108,Fire Resistive,Metal,No,Yes,Yes,3.77,227969.68,1529.47
80550,2022,1968,No,5,1401,Brick,Shingle,Yes,Yes,No,4.7,275295.63,1675.84
80354,2018,2011,Yes,3,2828,Frame,Metal,Yes,Yes,No,5.75,414324.35,2068.18
80519,2018,1975,Yes,2,2810,Brick,Metal,No,No,No,1.64,412471.52,1723.72
80618,2018,1962,Yes,5,1484,Brick,Metal,Yes,No,Yes,6.67,324893.85,1585.28
80165,2021,2007,Yes,5,2078,Fire Resistive,Shingle,Yes,Yes,No,0.51,353138.78,1741.58
80014,2021,1950,Yes,2,1341,Brick,Shingle,No,Yes,Yes,1.39,227502.49,1357.62
80625,2018,1997,Yes,2,1969,Frame,Tile,Yes,No,Yes,7.22,403692.19,1552.04
80640,2018,1999,No,2,1367,Frame,Tile,Yes,Yes,No,1.02,294971.1,1292.72
80480,2018,1966,Yes,3,1828,Frame,Shingle,No,Yes,No,4.3,400112.8,1641.34
80642,2020,1986,No,3,2257,Brick,Tile,No,Yes,Yes,2.01,452009.97,1613.93
80998,2020,1975,Yes,5,1281,Brick,Metal,No,No,No,5.38,217899.08,1482.58
80037,2018,1989,Yes,4,3035,Brick,Tile,No,No,No,7.15,445173.97,1996.92
80943,2019,1962,No,4,2529,Frame,Shingle,No,Yes,Yes,6.81,511292.36,1975.44
80062,2018,1996,Yes,4,1553,Frame,Metal,No,Yes,Yes,6.08,286796.14,1542.75
80445,2022,1990,Yes,5,2864,Brick,Metal,No,Yes,No,5.32,498157.75,2071.83
80526,2020,1998,Yes,5,1838,Frame,Shingle,No,No,No,7.73,390590.35,1656.82
80061,2021,1978,No,3,1637,Fire Resistive,Shingle,No,No,No,1.62,243742.42,1367.63
80892,2021,2012,Yes,4,2124,Fire Resistive,Shingle,Yes,Yes,No,5.09,381066.86,1810.93
80361,2019,1981,Yes,5,2326,Frame,Tile,No,No,Yes,7.43,327752.69,1657.68
80081,2018,1982,No,3,2519,Frame,Shingle,No,No,No,1.8,447104.49,1580.35
80549,2018,1955,No,4,3425,Frame,Shingle,Yes,No,Yes,2.49,494927.1,2055.82
80222,2022,1953,Yes,5,1485,Frame,Tile,Yes,No,No,6.18,222015.57,1739.62
80403,2021,2000,No,5,3419,Frame,Tile,No,No,No,6.14,510805.78,2051.33
80442,2020,1964,No,3,2631,Brick,Shingle,No,Yes,Yes,5.26,504985.78,1799.95
80006,2020,1996,No,4,1499,Frame,Metal,No,Yes,No,0.74,299325.7,1432.52
80868,2020,1967,No,3,2037,Brick,Shingle,Yes,No,No,3.85,380245.77,1525.03
80986,2022,1988,No,2,2152,Frame,Tile,No,No,No,5.39,466927.63,1634.56
80583,2022,1952,Yes,5,2015,Brick,Metal,Yes,Yes,Yes,6.48,342529.14,1929.73
80845,2018,1974,Yes,4,3804,Frame,Shingle,No,No,No,6.79,619507.9,2150.77
80241,2022,2002,Yes,2,1945,Frame,Shingle,Yes,Yes,Yes,5.61,407454.02,1631.76
80846,2020,1997,No,2,1202,Frame,Shingle,No,Yes,Yes,4.68,189780.98,1206.5
80966,2018,1964,Yes,2,1323,Fire Resistive,Tile,No,No,No,2.87,287167.47,1392.1
80224,2022,1953,No,3,1292,Frame,Metal,No,No,No,5.93,182136.29,1412.79
80563,2019,1976,No,5,3885,Brick,Shingle,No,Yes,No,2.95,845338.34,2473.75
80865,2020,1960,No,4,3203,Frame,Tile,Yes,No,No,4.22,459479.3,2042.5
80259,2019,1974,Yes,3,1208,Fire Resistive,Shingle,No,Yes,No,0.39,255240.07,1473.03
80128,2021,2007,Yes,4,2790,Fire Resistive,Metal,No,Yes,Yes,1.36,508382.89,1775.12
80104,2019,1979,Yes,5,1084,Fire Resistive,Tile,No,Yes,Yes,2.62,237869.91,1429.23
80638,2020,1984,No,5,3217,Frame,Tile,Yes,No,No,3.82,469372.28,2056.24
80126,2022,1962,No,3,3501,Fire Resistive,Tile,No,Yes,Yes,4.64,645263.51,2117.26
80333,2020,1993,Yes,2,3836,Brick,Tile,Yes,No,Yes,1.77,834499.56,1871.05
80606,2018,1974,Yes,2,2353,Fire Resistive,Shingle,Yes,Yes,Yes,4.33,427887.94,1680.98
80165,2018,1955,No,2,1488,Fire Resistive,Tile,No,No,No,5.17,283243.61,1329.89
80625,2021,2000,Yes,4,2104,Brick,Metal,No,Yes,Yes,3.69,411668.42,1692.85
80564,2021,1969,Yes,3,1118,Brick,Tile,Yes,No,Yes,4.43,197174.15,1297.96
80851,2020,1965,No,5,2790,Frame,Tile,Yes,No,No,2.78,530670.96,2006.85
80770,2019,2005,Yes,5,3579,Frame,Tile,Yes,No,No,2.16,668360.87,1965.79
80994,2019,2020,No,5,1206,Fire Resistive,Tile,No,No,Yes,6.25,255783.72,1209.74
80493,2019,2016,Yes,2,2817,Frame,Metal,No,No,Yes,2.5,404621.8,1640.96
80224,2019,1989,No,5,1853,Fire Resistive,Tile,Yes,No,No,0.34,301069.98,1546.46
80526,2022,2003,No,3,3214,Brick,Tile,No,No,No,6.05,694329.8,1811.77
80514,2021,1981,No,5,2094,Fire Resistive,Tile,Yes,No,No,2.53,442296.99,1649.45
80859,2019,1989,Yes,3,1568,Brick,Shingle,Yes,Yes,No,2.33,276677.58,1579.31
80986,2018,1953,Yes,2,2832,Brick,Tile,Yes,No,Yes,3.17,536977.24,1817.58
80366,2018,1964,Yes,4,2807,Frame,Metal,No,Yes,Yes,3.81,455268.72,1992.77
80238,2020,1994,No,3,3281,Frame,Shingle,Yes,Yes,Yes,6.48,508718.04,2146.57
80672,2020,2018,Yes,2,3294,Frame,Tile,Yes,Yes,No,1.44,583353.8,1944.68
80978,2021,1953,No,2,3760,Fire Resistive,Metal,Yes,Yes,Yes,4.36,632688.35,2151.65
80951,2018,1996,Yes,4,2166,Fire Resistive,Metal,No,Yes,No,0.28,404375.93,1684.42
80377,2019,1980,No,2,2805,Brick,Tile,Yes,No,No,0.68,410143.65,1797.7
80288,2022,2000,No,4,3345,Fire Resistive,Shingle,Yes,No,Yes,5.3,729048.05,1857.0
80414,2020,1972,Yes,4,1113,Brick,Shingle,Yes,Yes,Yes,7.44,243632.2,1491.65
80771,2022,1978,Yes,2,2440,Fire Resistive,Metal,No,Yes,Yes,0.67,477881.17,1745.26
80735,2020,2012,Yes,3,2433,Brick,Tile,Yes,No,Yes,2.31,444965.8,1562.72
80233,2022,1992,Yes,5,2474,Brick,Tile,Yes,No,Yes,0.9,407621.71,1659.45
80219,2022,1999,Yes,3,1147,Frame,Metal,Yes,No,No,0.55,235253.83,1375.78
80247,2020,1973,Yes,4,1914,Fire Resistive,Tile,Yes,Yes,No,4.81,372806.04,1773.3
80847,2020,1959,No,5,3854,Frame,Tile,Yes,No,Yes,7.07,589698.05,2303.11
80880,2021,1979,Yes,3,3864,Fire Resistive,Metal,No,Yes,No,1.14,822545.81,2316.78
80106,2019,1988,Yes,5,3041,Brick,Shingle,Yes,Yes,No,4.78,625846.86,2099.24
80731,2019,2009,No,5,2348,Brick,Metal,No,Yes,No,1.57,507130.42,1723.44
80846,2022,2006,Yes,3,1990,Fire Resistive,Metal,No,No,Yes,3.38,394134.55,1519.22
80111,2021,1950,No,2,2528,Frame,Tile,No,Yes,Yes,2.48,477977.09,1622.8
80533,2020,1978,No,2,3451,Frame,Metal,Yes,Yes,No,1.49,598608.54,1961.92
80158,2020,1980,Yes,4,2636,Brick,Metal,No,No,Yes,2.8,565733.78,1635.4
80699,2022,1992,No,4,2259,Frame,Shingle,No,No,Yes,5.78,472775.07,1586.89
80852,2021,1999,Yes,4,3452,Brick,Metal,Yes,Yes,Yes,1.58,495767.59,2112.65
80799,2022,1971,No,5,2139,Fire Resistive,Metal,No,Yes,Yes,3.43,303971.92,1698.31
80070,2019,1974,Yes,5,1336,Brick,Shingle,Yes,No,Yes,4.83,227276.4,1463.92
80736,2020,1974,Yes,3,3824,Brick,Shingle,No,Yes,No,7.71,783324.47,2387.32
80391,2021,2013,Yes,5,1210,Fire Resistive,Metal,Yes,No,Yes,1.99,264968.33,1274.52
80589,2020,1974,Yes,5,2983,Frame,Shingle,No,Yes,Yes,4.77,453515.49,2044.85
80189,2022,1999,Yes,2,2588,Frame,Shingle,Yes,Yes,No,0.45,485328.82,1773.74
80248,2021,1984,No,4,1876,Frame,Metal,Yes,Yes,Yes,2.15,319804.1,1481.58
80216,2019,1996,No,4,3220,Frame,Tile,No,No,No,4.21,700649.95,1930.3
80223,2021,1993,No,5,3551,Frame,Shingle,No,No,No,4.13,736369.14,2105.29
80027,2022,2003,No,5,3001,Fire Resistive,Tile,No,Yes,Yes,7.99,621405.96,2107.39
80321,2020,1960,No,4,2630,Fire Resistive,Tile,No,No,Yes,1.72,466813.04,1538.23
80016,2022,1961,Yes,3,3255,Brick,Shingle,No,No,Yes,5.13,563719.0,1779.18
80474,2021,1973,No,2,1720,Fire Resistive,Tile,Yes,Yes,Yes,0.69,278420.81,1462.97
80897,2021,1976,Yes,4,2432,Brick,Shingle,Yes,No,No,7.07,351448.42,1916.35
80135,2022,1971,Yes,3,2559,Fire Resistive,Shingle,Yes,No,No,0.89,535285.96,1797.48
80293,2019,1955,Yes,2,3160,Brick,Metal,No,No,Yes,3.9,647901.38,1866.81
80403,2019,2018,Yes,5,1463,Brick,Shingle,No,No,Yes,5.97,321826.96,1365.14
80767,2018,2010,Yes,2,1425,Brick,Metal,Yes,Yes,No,4.41,313116.6,1530.23
80880,2018,2006,Yes,5,1281,Brick,Tile,No,Yes,No,2.52,236260.64,1537.32
80191,2020,2000,Yes,2,2312,Frame,Metal,Yes,Yes,No,6.81,465911.91,1723.57
80740,2020,1958,No,4,3981,Frame,Shingle,No,No,Yes,6.31,858228.99,2165.17
80888,2020,1980,No,2,2303,Fire Resistive,Tile,No,Yes,No,7.2,478959.04,1718.11
80404,2020,1986,No,3,3370,Brick,Shingle,No,Yes,Yes,4.78,538485.05,1817.53
80089,2018,1973,Yes,2,3461,Frame,Tile,Yes,No,No,3.68,609286.66,2167.15
80286,2019,1961,Yes,3,2479,Frame,Tile,Yes,Yes,Yes,6.52,372674.9,1963.04
80211,2020,1960,No,3,2540,Frame,Tile,Yes,No,Yes,5.53,549463.17,1749.68
80837,2018,1972,No,3,2714,Brick,Metal,Yes,No,Yes,2.19,511572.64,1714.46
80113,2019,1983,No,2,2588,Fire Resistive,Metal,Yes,No,Yes,2.87,409658.21,1485.26
80398,2019,1964,No,3,2198,Frame,Shingle,Yes,Yes,No,4.78,425831.85,1866.36
80696,2019,2006,Yes,3,1377,Frame,Shingle,Yes,Yes,No,0.53,260873.01,1463.56
80256,2018,1992,Yes,4,2790,Frame,Tile,Yes,Yes,No,1.18,470541.92,1993.01
80089,2018,1952,No,2,2992,Frame,Tile,No,Yes,No,3.61,446061.15,1975.61
80796,2022,1969,No,3,1389,Frame,Tile,Yes,No,No,2.17,269085.21,1429.16
80577,2022,2006,Yes,5,2501,Brick,Metal,No,Yes,No,6.54,454243.16,1884.99
80277,2018,1998,No,4,3348,Brick,Shingle,Yes,Yes,Yes,3.78,675577.76,2052.86
80956,2020,1975,No,3,2443,Fire Resistive,Metal,No,No,Yes,6.42,443680.75,1643.73
80540,2019,1993,Yes,4,1270,Brick,Metal,No,Yes,Yes,2.46,264381.64,1422.39
80008,2022,1986,Yes,2,3761,Frame,Metal,No,Yes,No,0.73,692597.73,2043.1
80808,2022,2017,No,5,3640,Fire Resistive,Metal,Yes,Yes,Yes,7.68,672945.14,2167.26
80020,2019,2008,No,3,1428,Frame,Metal,No,No,Yes,2.81,300068.91,1178.9
80438,2022,2001,No,3,2030,Frame,Shingle,Yes,Yes,No,5.1,349725.62,1772.83
80760,2021,2000,No,5,3195,Fire Resistive,Shingle,Yes,Yes,Yes,3.48,481554.29,2020.13
80607,2021,2003,No,2,2876,Brick,Metal,No,Yes,Yes,5.97,409262.32,1689.45
80991,2022,2006,Yes,2,2608,Brick,Metal,Yes,No,Yes,5.18,522671.84,1638.26
80622,2020,1972,No,4,3377,Fire Resistive,Tile,Yes,No,No,4.92,640362.83,2175.49
80747,2021,1996,No,4,3114,Fire Resistive,Shingle,Yes,Yes,Yes,1.64,611360.35,1896.04
80551,2020,1985,Yes,3,3587,Fire Resistive,Shingle,Yes,No,Yes,5.62,563292.2,1977.21
80281,2018,2000,No,5,2324,Fire Resistive,Shingle,No,Yes,No,5.07,350714.18,1686.64
80687,2019,1998,Yes,3,2051,Brick,Shingle,Yes,Yes,Yes,3.42,289526.49,1712.75
80125,2022,2000,No,3,3597,Brick,Shingle,Yes,Yes,No,2.77,604465.08,2107.41
80716,2021,2016,Yes,3,2924,Frame,Metal,Yes,No,No,6.73,547353.55,1936.97
80898,2020,1968,Yes,4,2510,Frame,Metal,No,No,Yes,1.55,430162.6,1775.82
80223,2022,2003,No,5,3900,Fire Resistive,Metal,Yes,No,No,5.53,682492.18,2171.9
80544,2018,1987,No,2,1187,Brick,Metal,No,Yes,Yes,2.78,252038.91,1199.73
80864,2018,2008,Yes,5,3500,Fire Resistive,Tile,Yes,No,Yes,3.07,587511.53,2093.08
80297,2021,1969,No,5,3917,Brick,Metal,Yes,No,No,3.57,709443.75,2282.55
80233,2022,1962,No,5,2076,Fire Resistive,Metal,No,No,No,7.23,420789.09,1715.54
80076,2022,1951,Yes,5,2642,Fire Resistive,Tile,Yes,Yes,Yes,0.33,453693.28,2006.88
80810,2022,1961,No,5,1929,Frame,Tile,Yes,No,No,0.61,366060.42,1617.52
80965,2018,2004,Yes,4,1082,Frame,Tile,No,Yes,No,5.29,226126.2,1465.8
80515,2018,2020,Yes,4,2592,Frame,Shingle,Yes,No,Yes,0.54,559772.6,1595.03
80869,2019,1999,Yes,5,2003,Brick,Tile,No,No,No,5.62,303987.05,1624.92
80703,2018,1951,Yes,2,1922,Fire Resistive,Tile,No,Yes,No,5.02,411552.11,1757.03
80197,2018,1987,No,5,2052,Fire Resistive,Tile,No,No,Yes,6.04,368065.81,1490.92
80434,2019,2013,Yes,3,3554,Brick,Tile,Yes,Yes,No,0.24,570984.04,1969.01
80450,2022,1958,No,3,1545,Frame,Shingle,Yes,No,Yes,2.88,273049.18,1304.88
80730,2018,1976,No,2,3201,Frame,Shingle,Yes,No,Yes,2.88,699106.74,1757.99
80231,2019,1954,No,2,1189,Frame,Tile,No,No,No,0.29,213317.83,1126.52
80467,2022,1973,Yes,4,2243,Brick,Metal,Yes,Yes,No,1.64,373011.19,1964.66
80401,2020,1951,Yes,2,2847,Fire Resistive,Tile,Yes,Yes,Yes,3.91,542843.38,2059.43
80915,2019,1988,Yes,3,2093,Brick,Shingle,Yes,No,Yes,1.59,333229.98,1593.57
80669,2019,2000,No,2,2039,Frame,Shingle,No,Yes,No,1.65,297834.83,1498.63
80201,2022,1956,Yes,2,2866,Fire Resistive,Tile,No,Yes,No,4.95,430789.54,2103.53
80179,2021,1963,Yes,2,1091,Frame,Shingle,No,No,Yes,2.44,163915.84,1134.16
80790,2020,1955,Yes,5,2361,Fire Resistive,Tile,No,No,No,3.05,359231.38,1811.91
80302,2018,2008,Yes,3,3130,Fire Resistive,Shingle,No,Yes,No,3.05,472962.32,1867.91
80386,2021,1979,No,5,3577,Frame,Shingle,Yes,Yes,No,2.06,684172.72,2172.87
80755,2022,1981,Yes,2,1866,Frame,Shingle,No,No,No,2.77,288391.06,1473.65
80049,2022,1961,No,3,1405,Frame,Tile,Yes,No,Yes,1.94,235553.0,1257.28
80377,2022,1988,No,3,3613,Frame,Tile,Yes,No,Yes,3.5,765027.72,1981.57
80509,2021,1970,Yes,2,3081,Brick,Metal,No,No,Yes,1.85,548162.07,1751.97
80520,2022,1974,Yes,5,2428,Frame,Tile,Yes,Yes,Yes,1.17,469586.42,1801.28
80496,2020,1967,Yes,3,3534,Fire Resistive,Metal,Yes,Yes,Yes,6.23,543478.27,2160.02
80402,2021,2004,No,4,2962,Brick,Shingle,No,Yes,No,7.13,460244.81,1995.68
80419,2020,1990,Yes,2,2574,Brick,Shingle,Yes,Yes,Yes,7.22,368775.67,1859.08
80935,2020,1996,No,4,1807,Brick,Shingle,No,No,Yes,2.04,277401.25,1315.2
80922,2022,1962,Yes,2,3410,Brick,Tile,Yes,No,No,6.46,553399.44,1997.62
80745,2020,1991,No,5,2381,Brick,Metal,No,Yes,No,3.63,367056.96,1696.47
80347,2021,1952,Yes,4,3013,Brick,Shingle,Yes,Yes,Yes,2.19,443200.86,1897.39
80234,2022,1982,No,5,1696,Fire Resistive,Shingle,No,Yes,No,1.61,253807.87,1626.21
80626,2018,1993,Yes,4,1906,Fire Resistive,Metal,No,No,No,0.73,337099.55,1596.12
80071,2019,1951,No,2,3763,Fire Resistive,Tile,No,No,No,4.1,588934.7,2010.56
80105,2018,1971,Yes,3,2272,Frame,Shingle,Yes,Yes,No,5.12,384289.69,1956.44
80495,2021,2017,Yes,3,3732,Frame,Shingle,Yes,No,No,6.2,672780.26,2167.39
80583,2022,1989,Yes,2,2305,Brick,Metal,No,No,Yes,6.06,450008.81,1542.77
80593,2021,1963,No,2,3463,Frame,Tile,No,No,No,6.67,495711.04,1902.2
80890,2022,2015,Yes,5,1957,Fire Resistive,Metal,Yes,No,No,1.98,399135.69,1663.83
80660,2019,1965,Yes,2,2725,Brick,Tile,No,No,No,6.26,518382.28,1899.96
80493,2020,2006,No,3,3537,Frame,Shingle,Yes,Yes,Yes,1.61,518314.54,1868.89
80652,2020,1988,Yes,2,2436,Brick,Metal,No,No,No,5.26,511283.0,1696.83
80794,2020,1987,No,5,1999,Fire Resistive,Tile,Yes,Yes,Yes,6.84,427125.91,1653.23
80750,2019,1980,No,2,3343,Brick,Tile,No,Yes,No,0.22,484354.69,1939.87
80891,2021,1982,Yes,2,1050,Frame,Shingle,No,No,Yes,7.93,170257.72,1257.57
80573,2018,1961,No,4,1347,Fire Resistive,Tile,No,No,Yes,0.44,275456.25,1260.79
80295,2018,1984,Yes,2,1959,Brick,Shingle,No,No,No,5.22,391527.26,1645.66
80820,2018,1958,Yes,5,1586,Brick,Shingle,Yes,Yes,Yes,1.3,245452.03,1573.21
80719,2019,1975,No,5,1509,Brick,Shingle,Yes,No,No,7.98,236532.65,1473.21
80295,2021,1961,Yes,5,2943,Fire Resistive,Shingle,Yes,No,No,0.89,499243.95,1987.24
80126,2021,2018,No,2,3159,Frame,Tile,No,Yes,Yes,7.87,564708.65,1713.55
80264,2021,1957,Yes,3,1948,Fire Resistive,Tile,No,Yes,Yes,3.39,369068.82,1600.68
80410,2018,1991,No,2,1581,Brick,Tile,No,Yes,No,1.62,268000.2,1467.52
80720,2018,1985,No,3,2272,Frame,Metal,Yes,No,Yes,2.19,402150.31,1606.44
80258,2018,2008,No,2,1873,Frame,Metal,Yes,Yes,No,4.73,374221.05,1642.48
80823,2018,1975,No,5,3850,Fire Resistive,Shingle,Yes,No,Yes,0.38,550298.43,2240.91
80180,2019,1997,No,4,3015,Frame,Metal,No,No,No,7.05,482987.79,1851.53
80771,2018,1992,No,3,3231,Brick,Shingle,No,Yes,No,2.89,636726.6,1910.5
80295,2021,2012,Yes,4,1294,Frame,Shingle,No,Yes,Yes,2.13,273831.81,1323.2
80179,2021,1950,Yes,5,2473,Frame,Shingle,Yes,Yes,Yes,3.71,447450.27,1903.39
80823,2021,2003,No,3,3753,Frame,Metal,Yes,Yes,No,1.37,685181.75,2158.12
80832,2022,2007,Yes,3,1092,Frame,Metal,Yes,Yes,No,7.19,162242.55,1532.77
80205,2021,1960,No,5,1273,Frame,Shingle,Yes,Yes,No,7.94,223784.48,1732.71
80199,2019,2018,No,4,2594,Brick,Metal,Yes,No,Yes,3.22,473688.74,1603.97
80838,2019,2003,No,2,2910,Brick,Shingle,Yes,No,Yes,0.67,463847.13,1553.9
80029,2018,2010,No,3,1119,Frame,Tile,Yes,Yes,Yes,7.93,180762.65,1333.02
80024,2021,1998,Yes,4,2987,Frame,Tile,Yes,Yes,No,6.59,508335.82,2210.34
80038,2021,2004,Yes,4,3153,Frame,Metal,No,Yes,Yes,5.02,446482.76,2131.98
80719,2021,2012,Yes,2,1842,Fire Resistive,Metal,No,Yes,No,6.82,305341.59,1530.62
80330,2019,2018,No,3,2128,Fire Resistive,Tile,No,Yes,No,5.56,333916.91,1586.83
80152,2019,1984,Yes,2,3354,Brick,Shingle,No,No,No,5.27,557434.09,1937.48
80032,2021,1960,Yes,2,3328,Fire Resistive,Metal,Yes,Yes,Yes,1.14,497805.47,1948.19
80958,2018,1953,No,2,3689,Frame,Tile,No,Yes,Yes,6.67,779272.41,2094.48
80508,2018,2021,Yes,3,3177,Frame,Tile,No,No,No,7.14,595647.46,1920.62
80821,2019,2000,No,3,1077,Frame,Metal,Yes,No,Yes,5.47,209291.46,1170.55
80115,2022,2013,No,5,1900,Brick,Shingle,Yes,No,Yes,0.44,385954.03,1188.77
80434,2021,1994,Yes,4,2403,Brick,Metal,Yes,No,Yes,3.79,432240.53,1744.63
80623,2019,2015,No,4,2098,Brick,Shingle,No,No,No,7.67,308308.7,1608.38
80980,2021,1978,No,4,2510,Frame,Shingle,Yes,No,No,7.15,459250.99,1779.76
80179,2019,1955,Yes,2,2998,Fire Resistive,Shingle,Yes,No,No,6.88,560467.97,2099.34
80435,2019,1961,Yes,4,2643,Frame,Tile,No,Yes,No,4.33,527635.72,1910.45
80713,2020,1965,Yes,4,1734,Fire Resistive,Metal,No,Yes,No,1.47,302639.81,1651.71
80951,2022,1995,No,5,2951,Brick,Tile,Yes,Yes,No,3.32,443259.16,1928.45
80625,2019,1951,Yes,3,2227,Brick,Tile,No,Yes,No,6.26,362337.52,1899.72
80584,2020,1989,No,2,3689,Frame,Tile,No,Yes,Yes,6.67,623612.85,2046.24
80000,2019,1954,No,5,3591,Fire Resistive,Metal,Yes,No,Yes,7.57,688299.11,2193.3
80225,2020,1996,Yes,5,3390,Fire Resistive,Tile,Yes,Yes,Yes,4.0,629395.08,2112.19
80030,2020,1969,Yes,5,3425,Fire Resistive,Shingle,No,Yes,No,5.33,577070.5,2453.67
80788,2022,2012,No,2,1242,Fire Resistive,Shingle,No,No,Yes,1.36,271900.16,1055.14
80023,2021,1961,Yes,5,1596,Frame,Shingle,No,No,No,5.09,300785.33,1682.08
80530,2021,1965,Yes,2,2579,Fire Resistive,Tile,No,No,No,4.48,410004.63,1783.27
80060,2020,1979,Yes,2,3527,Brick,Metal,Yes,No,Yes,3.2,522498.94,1931.17
80111,2019,1969,Yes,4,2634,Fire Resistive,Tile,No,No,No,0.99,400970.48,1722.9
80443,2022,2019,No,5,1992,Fire Resistive,Shingle,No,Yes,Yes,0.77,318075.82,1488.28
80635,2022,1958,Yes,4,2780,Fire Resistive,Tile,No,No,Yes,3.66,424935.54,1735.37
80468,2022,1952,No,4,2353,Brick,Tile,Yes,No,Yes,4.19,364539.38,1613.6
80920,2019,1969,Yes,5,3782,Frame,Metal,Yes,Yes,No,0.87,615738.39,2314.89
80531,2021,2011,No,3,3978,Brick,Tile,No,Yes,No,2.31,612094.41,2130.23
80116,2022,1986,No,3,2685,Frame,Metal,No,No,No,5.86,568525.21,1812.08
80153,2021,2006,Yes,5,3164,Brick,Shingle,Yes,Yes,No,6.32,463268.77,2226.34
80126,2021,1966,No,5,3840,Frame,Shingle,Yes,Yes,Yes,5.83,698729.9,2388.96
80518,2019,1964,No,2,2045,Fire Resistive,Metal,Yes,Yes,Yes,2.38,353440.92,1548.02
80450,2018,1968,No,2,2428,Fire Resistive,Metal,Yes,Yes,Yes,7.75,530737.22,1788.57
80999,2021,1999,No,2,3281,Frame,Metal,Yes,Yes,Yes,2.76,488747.97,1701.12
80311,2022,1972,No,2,2107,Brick,Tile,No,Yes,No,6.82,362042.54,1713.54
80071,2019,1973,No,3,2860,Brick,Shingle,No,No,Yes,5.54,622214.84,1788.45
80500,2019,1976,No,5,1573,Brick,Metal,No,Yes,Yes,3.43,329135.42,1495.41
80093,2019,1972,Yes,2,3441,Fire Resistive,Shingle,Yes,Yes,No,2.8,706663.6,2073.7
80522,2022,1960,Yes,5,2307,Brick,Metal,No,Yes,No,4.94,370578.55,1927.78
80455,2020,2021,No,2,1831,Brick,Shingle,Yes,No,No,2.0,281371.61,1332.08
80248,2019,1973,Yes,5,3380,Brick,Tile,Yes,Yes,Yes,3.74,654001.13,2229.52
80484,2021,1959,No,3,1519,Brick,Tile,No,No,No,4.82,325597.77,1396.34
80400,2019,1982,No,3,1044,Fire Resistive,Metal,Yes,No,No,5.99,192660.84,1395.68
80583,2020,1962,No,2,3642,Frame,Metal,Yes,Yes,No,1.93,676425.07,2137.58
80174,2021,1977,Yes,5,3710,Brick,Tile,No,No,No,0.73,602497.79,1925.24
80939,2021,2018,Yes,5,1591,Frame,Tile,Yes,No,Yes,1.66,320681.06,1471.87
80191,2021,1966,No,4,2025,Brick,Tile,Yes,No,Yes,5.17,313801.09,1599.34
80413,2019,1985,No,5,2084,Fire Resistive,Shingle,Yes,Yes,Yes,6.47,345723.8,1789.81
80554,2019,1969,No,2,1261,Frame,Tile,Yes,No,No,1.91,219458.03,1277.66
80234,2021,2017,Yes,3,1669,Brick,Tile,Yes,No,Yes,4.58,301436.14,1404.9
80527,2020,1977,No,5,3671,Brick,Tile,Yes,Yes,No,3.24,585130.89,2211.51
80118,2018,2003,Yes,2,1431,Brick,Shingle,No,Yes,Yes,0.41,213486.52,1136.03
80259,2021,2011,No,5,2238,Frame,Tile,No,No,No,0.91,422645.41,1514.71
80340,2020,1965,No,4,3271,Brick,Metal,No,Yes,No,0.45,533468.84,2091.77
80049,2020,2002,No,5,3928,Brick,Tile,No,No,No,3.98,732568.3,2137.91
80545,2020,1979,No,5,3118,Frame,Shingle,Yes,Yes,No,5.92,475024.24,2196.06
80765,2021,1981,No,3,1780,Frame,Tile,Yes,No,No,0.68,317714.35,1475.98
80743,2021,1995,No,3,1593,Fire Resistive,Metal,No,No,Yes,2.36,290893.2,1225.27
80290,2018,1975,No,5,1777,Frame,Tile,Yes,Yes,Yes,0.46,256147.23,1591.87
80063,2020,1952,No,3,3262,Fire Resistive,Tile,No,Yes,Yes,1.7,544520.25,1830.96
80268,2019,1959,Yes,4,1362,Brick,Tile,Yes,No,Yes,5.03,205325.82,1374.82
80874,2022,1986,Yes,5,2219,Brick,Tile,Yes,No,No,3.61,321910.32,1937.11
80538,2022,1993,Yes,4,2749,Brick,Shingle,Yes,Yes,Yes,2.13,602572.05,1890.06
80455,2020,1977,No,4,2014,Frame,Metal,Yes,Yes,Yes,2.34,333897.65,1612.29
80936,2022,1962,Yes,4,2532,Fire Resistive,Metal,Yes,No,No,1.19,518528.17,1921.34
80809,2022,1967,No,5,2158,Fire Resistive,Shingle,No,Yes,No,5.17,346081.16,1771.88
80924,2021,2015,Yes,4,2907,Brick,Metal,Yes,No,Yes,6.27,565470.27,1858.45
80253,2021,2018,Yes,2,1366,Fire Resistive,Tile,No,Yes,No,4.73,274317.7,1336.05
80655,2018,1997,Yes,4,2062,Brick,Shingle,Yes,Yes,No,3.34,386936.57,1744.95
80234,2020,1967,No,2,2330,Frame,Tile,No,Yes,No,1.57,414101.8,1674.62
80180,2022,1993,Yes,5,2886,Brick,Tile,Yes,No,No,5.87,499125.83,1932.44
80557,2021,1986,No,2,2424,Frame,Metal,Yes,No,Yes,0.98,407012.53,1446.1
80964,2022,2008,Yes,4,1914,Fire Resistive,Metal,No,No,Yes,2.06,410289.5,1375.38
80804,2022,1998,Yes,2,2499,Brick,Tile,Yes,Yes,No,5.68,515917.43,1785.37
80359,2019,2007,No,2,3293,Brick,Tile,Yes,Yes,No,0.5,715246.69,1891.3
80743,2020,1960,Yes,2,2019,Frame,Shingle,No,No,Yes,4.37,302736.49,1510.1
80489,2021,1984,No,5,3274,Fire Resistive,Shingle,Yes,Yes,Yes,1.26,649788.81,2099.8
80955,2021,1978,No,5,2873,Frame,Shingle,Yes,No,No,5.04,617888.17,1943.0
80713,2019,2013,No,2,1372,Frame,Tile,Yes,No,Yes,7.46,211972.14,1276.13
80142,2021,2014,No,3,3666,Frame,Tile,Yes,No,Yes,3.5,532742.03,1962.15
80916,2019,2010,No,5,2751,Frame,Tile,No,No,Yes,0.72,548245.83,1683.5
80801,2020,2001,Yes,4,1709,Fire Resistive,Metal,Yes,Yes,Yes,0.44,317801.96,1648.5
80725,2018,2018,No,4,1979,Fire Resistive,Tile,No,No,Yes,7.53,410338.33,1529.61
80725,2022,1970,No,3,3286,Brick,Tile,No,Yes,Yes,3.85,496783.36,2076.1
80008,2018,2014,Yes,3,2182,Brick,Tile,No,No,Yes,7.27,444301.86,1490.47
80665,2019,1973,No,3,3214,Brick,Metal,No,Yes,No,3.41,501802.42,2007.01
80844,2022,2013,No,2,3768,Brick,Shingle,Yes,Yes,Yes,2.59,576852.45,2021.45
80757,2022,2006,Yes,3,3733,Frame,Tile,Yes,No,No,2.35,571676.34,2064.96
80401,2020,1955,No,2,1897,Frame,Tile,No,Yes,No,4.18,389199.86,1555.11
80768,2022,1968,Yes,2,3150,Fire Resistive,Tile,No,Yes,Yes,6.04,608629.7,1921.64
80790,2022,2017,No,2,1703,Frame,Metal,Yes,Yes,Yes,4.9,309682.43,1410.98
80288,2019,1954,Yes,3,2514,Fire Resistive,Tile,No,Yes,No,5.05,424127.99,1990.68
80430,2019,1975,No,2,3630,Fire Resistive,Shingle,Yes,No,No,1.33,762939.04,2048.64
80094,2019,1967,Yes,5,2943,Brick,Metal,No,Yes,No,4.83,504417.28,2200.28
80889,2022,1958,Yes,3,1536,Brick,Shingle,Yes,Yes,Yes,1.89,315383.74,1517.17
80788,2020,1983,No,2,3578,Fire Resistive,Shingle,Yes,Yes,Yes,6.33,626617.98,2136.94
80726,2019,1980,No,5,2797,Fire Resistive,Tile,No,No,No,1.69,475925.09,1770.14
80207,2022,1988,Yes,4,1999,Frame,Tile,Yes,Yes,No,2.54,353851.75,1799.61
80060,2019,1966,Yes,5,3957,Brick,Metal,Yes,No,No,0.92,649384.18,2296.0
80794,2020,1998,No,5,2504,Fire Resistive,Shingle,No,Yes,No,7.26,500321.11,1837.29
80740,2022,1996,No,4,3502,Fire Resistive,Metal,Yes,Yes,Yes,2.01,631122.14,1951.52
80446,2019,1998,No,4,1330,Frame,Shingle,Yes,Yes,No,0.93,210907.43,1427.79
80101,2020,1985,Yes,3,1711,Fire Resistive,Tile,Yes,No,No,2.25,362673.77,1495.34
80691,2019,1958,Yes,3,1760,Fire Resistive,Metal,Yes,Yes,No,3.27,300451.88,1702.66
80447,2018,1985,Yes,5,2229,Brick,Metal,Yes,Yes,Yes,1.66,408986.35,1778.97
80653,2022,2020,Yes,3,3466,Frame,Shingle,No,No,No,3.88,736586.59,1878.24
80868,2021,2015,No,4,2683,Brick,Tile,Yes,Yes,No,7.89,509606.44,1923.02
80430,2022,2015,Yes,3,3209,Fire Resistive,Tile,No,Yes,No,7.71,479270.07,2129.47
80774,2018,1961,No,5,3704,Fire Resistive,Shingle,No,Yes,Yes,1.49,797051.05,2138.56
80331,2021,1991,Yes,4,1353,Frame,Metal,No,Yes,Yes,5.91,257363.12,1540.7
80667,2021,1953,Yes,2,2371,Frame,Tile,Yes,No,Yes,2.01,395464.9,1611.43
80386,2019,1985,Yes,4,2110,Brick,Tile,Yes,Yes,Yes,7.65,318909.13,1856.83
80405,2021,2004,No,4,3684,Brick,Shingle,Yes,No,No,3.45,749775.1,2155.05
80754,2022,1988,Yes,2,1581,Brick,Tile,No,Yes,Yes,3.16,299766.8,1510.49
80596,2020,1954,Yes,5,3820,Fire Resistive,Tile,No,No,Yes,7.86,697825.71,2343.23
80702,2018,2004,No,2,1838,Fire Resistive,Metal,No,Yes,Yes,4.24,388757.97,1451.49
80284,2019,1975,No,4,1135,Brick,Shingle,No,Yes,Yes,1.52,230504.63,1283.63
80403,2020,2005,No,5,3877,Brick,Shingle,No,No,Yes,4.71,589823.48,2038.71
80578,2021,2006,No,3,1702,Fire Resistive,Shingle,Yes,No,Yes,5.9,280724.08,1459.77
80474,2019,1998,Yes,3,1388,Brick,Tile,No,Yes,Yes,5.66,221912.23,1376.89
80724,2019,1963,Yes,3,3401,Frame,Metal,Yes,Yes,Yes,5.99,678552.91,2178.81
80872,2018,1962,No,5,3611,Frame,Shingle,No,Yes,No,6.12,515226.85,2348.3
80416,2018,1973,No,3,1333,Fire Resistive,Metal,No,No,No,7.54,247393.04,1363.36
80605,2019,1962,Yes,5,1413,Fire Resistive,Metal,No,Yes,Yes,4.81,284008.33,1605.23
80559,2019,1996,No,5,2005,Fire Resistive,Tile,Yes,No,Yes,4.36,421333.21,1536.65
80358,2021,2005,Yes,5,1829,Fire Resistive,Shingle,No,Yes,No,6.43,306113.4,1973.83
80808,2021,1981,No,3,1841,Frame,Metal,Yes,No,Yes,0.86,378694.78,1435.45
80122,2022,1989,Yes,4,2549,Brick,Tile,Yes,Yes,No,3.06,379420.02,1931.71
80648,2019,1973,Yes,5,2656,Fire Resistive,Shingle,No,Yes,No,5.05,551694.18,2065.84
80687,2021,1967,No,2,1182,Frame,Metal,Yes,No,No,3.39,177535.33,1307.62
80485,2018,1963,No,4,1650,Frame,Tile,No,No,Yes,5.88,283441.92,1413.58
80214,2022,1981,Yes,5,1794,Brick,Tile,Yes,No,Yes,4.44,365587.83,1605.81
80181,2020,2018,Yes,3,1173,Frame,Tile,No,No,Yes,5.97,178288.25,1203.62
80534,2022,2015,No,5,2547,Brick,Tile,No,No,No,6.32,403292.26,1582.8
80192,2018,1951,Yes,4,2260,Frame,Tile,Yes,Yes,No,4.16,446983.26,1885.15
80660,2019,2012,No,3,2997,Brick,Metal,Yes,Yes,No,5.97,592215.96,2120.79
80415,2020,2009,Yes,2,3060,Brick,Tile,No,Yes,No,1.53,585352.94,1737.7
80364,2022,1956,No,3,3283,Frame,Tile,No,Yes,No,3.11,641878.62,1982.15
80665,2021,1964,Yes,3,1036,Fire Resistive,Shingle,No,No,No,6.22,190021.0,1365.53
80032,2019,1997,Yes,4,3948,Fire Resistive,Tile,Yes,No,No,0.34,632248.21,2173.52
80187,2019,1979,No,3,1951,Brick,Shingle,No,No,Yes,2.18,327096.23,1446.07
80904,2022,1951,No,2,2470,Brick,Shingle,Yes,No,No,2.79,381683.71,1704.2
80080,2020,2016,No,5,2815,Frame,Tile,No,No,Yes,6.92,598683.07,1805.31
80581,2020,2004,No,4,3990,Brick,Metal,Yes,Yes,Yes,1.12,744818.66,2051.07
80941,2021,1971,Yes,4,3036,Fire Resistive,Shingle,No,Yes,Yes,1.97,522398.79,2041.86
80006,2018,1963,Yes,2,1927,Fire Resistive,Shingle,Yes,Yes,No,3.78,341002.81,1671.33
80127,2018,1964,No,2,1932,Brick,Shingle,No,Yes,No,3.5,416892.11,1591.52
80006,2021,1999,Yes,2,3053,Brick,Shingle,Yes,No,Yes,3.6,464874.55,1718.02
80632,2020,1963,Yes,2,3488,Fire Resistive,Shingle,No,No,Yes,2.92,651901.57,1831.33
80740,2021,1983,No,5,2261,Fire Resistive,Tile,No,No,Yes,0.87,408045.14,1586.05
80964,2022,1952,No,4,2935,Fire Resistive,Metal,No,No,No,3.71,554469.45,1911.63
80160,2019,1993,No,2,2222,Frame,Metal,No,No,Yes,2.78,314299.27,1372.25
80113,2022,1966,No,2,2192,Frame,Shingle,Yes,Yes,No,5.82,459815.65,1692.01
80137,2022,1997,Yes,2,2411,Brick,Tile,No,No,Yes,7.82,517326.97,1583.33
80720,2020,1984,Yes,2,3354,Fire Resistive,Shingle,Yes,No,Yes,5.04,621196.54,1914.89
80871,2019,1982,No,3,2816,Fire Resistive,Tile,Yes,Yes,Yes,5.17,551181.5,1951.44
80795,2018,2011,Yes,5,1988,Frame,Metal,Yes,No,No,0.6,425034.3,1575.92
80686,2020,2010,Yes,3,1843,Frame,Metal,No,No,Yes,5.15,362295.26,1551.84
80813,2020,2004,No,2,3579,Brick,Metal,No,No,No,3.66,544734.98,1824.14
80533,2022,1966,No,3,3155,Brick,Tile,No,Yes,Yes,1.14,587155.18,1803.92
80532,2019,2007,No,4,3046,Fire Resistive,Shingle,No,No,Yes,7.28,574284.32,1856.58
80765,2022,1958,No,2,1035,Brick,Metal,Yes,Yes,Yes,3.77,180018.02,1340.62
80366,2022,1979,Yes,3,1327,Brick,Shingle,Yes,Yes,Yes,7.57,263960.92,1538.24
80183,2019,1967,No,2,1360,Fire Resistive,Shingle,No,No,No,6.12,292059.13,1318.54
80287,2020,1997,Yes,4,2975,Brick,Metal,No,No,No,4.87,636785.31,1906.75
80159,2018,1963,No,3,1676,Brick,Shingle,No,No,Yes,7.66,295088.54,1325.58
80370,2020,2014,Yes,2,1507,Brick,Shingle,Yes,Yes,Yes,0.9,224631.98,1303.18
80675,2020,1957,Yes,4,3232,Frame,Shingle,No,Yes,No,3.91,707120.54,2258.51
80414,2020,1960,Yes,2,1982,Frame,Tile,No,No,No,4.32,410495.68,1566.56
80837,2019,1996,No,5,3618,Frame,Tile,No,Yes,No,3.29,542602.37,2244.63
80821,2020,1982,No,5,2860,Fire Resistive,Metal,Yes,No,Yes,6.39,611088.62,1800.16
80276,2019,1986,Yes,4,1665,Frame,Metal,Yes,No,Yes,2.42,348970.2,1528.61
80034,2019,2000,Yes,2,3659,Fire Resistive,Tile,No,Yes,No,2.23,664134.28,2065.21
80717,2018,2017,No,2,3568,Brick,Tile,No,No,No,0.83,668293.66,1734.15
80022,2022,1970,No,3,3592,Fire Resistive,Shingle,Yes,No,Yes,6.03,617537.42,2005.62
80253,2019,1998,No,2,1158,Brick,Metal,No,No,No,2.93,167193.12,1134.19
80681,2018,1958,Yes,5,2473,Frame,Metal,Yes,Yes,Yes,1.36,412535.42,1894.54
80765,2022,1990,Yes,5,1462,Fire Resistive,Tile,Yes,Yes,No,4.36,298581.74,1752.36
80535,2019,1990,Yes,4,1573,Frame,Tile,Yes,No,No,7.51,220802.89,1663.4
80349,2021,2015,Yes,4,2076,Fire Resistive,Tile,Yes,Yes,No,7.75,346027.54,1870.22
80329,2022,1980,Yes,4,2615,Fire Resistive,Shingle,Yes,No,Yes,2.17,449396.89,1720.83
80836,2022,1997,Yes,3,1654,Brick,Shingle,Yes,Yes,Yes,3.44,302668.19,1516.47
80382,2020,2012,No,2,1398,Fire Resistive,Shingle,Yes,Yes,No,1.7,298596.65,1369.24
80636,2022,2003,Yes,3,1249,Fire Resistive,Tile,Yes,Yes,No,4.06,209466.89,1526.04
80762,2021,1999,Yes,5,3733,Frame,Metal,Yes,No,No,4.73,626234.1,2300.3
80425,2018,1974,Yes,4,1603,Fire Resistive,Metal,No,Yes,Yes,3.63,318997.16,1628.21
80669,2020,2015,No,3,1247,Brick,Shingle,No,Yes,Yes,4.08,219693.26,1263.84
80710,2018,1989,No,5,2667,Brick,Shingle,No,No,Yes,5.38,421301.69,1687.78
80389,2019,1991,Yes,2,2946,Brick,Metal,No,Yes,No,3.05,519070.95,1775.87
80199,2022,2002,No,4,1528,Fire Resistive,Tile,Yes,Yes,Yes,6.43,231138.36,1467.78
80819,2018,1994,Yes,4,3327,Fire Resistive,Shingle,Yes,Yes,Yes,6.33,512727.16,2110.14
80217,2020,2012,Yes,2,3542,Frame,Tile,Yes,Yes,No,1.68,637097.49,2015.14
80506,2018,1979,Yes,2,3168,Brick,Tile,Yes,Yes,Yes,3.6,549692.47,1954.63
80849,2018,1982,Yes,2,2383,Fire Resistive,Tile,Yes,No,No,7.47,508026.22,1743.81
80483,2018,2010,No,4,3420,Brick,Metal,No,No,Yes,1.22,577950.97,1779.3
80921,2019,1995,No,3,2583,Frame,Metal,No,Yes,Yes,0.49,481592.78,1612.04
80355,2020,2010,No,3,2599,Frame,Tile,Yes,Yes,No,5.23,495320.39,1717.87
80552,2019,2003,No,5,2300,Brick,Metal,No,No,Yes,5.1,324409.38,1605.88
80451,2020,1985,No,5,1164,Frame,Tile,No,Yes,Yes,4.03,224748.6,1341.52
80693,2022,1988,No,5,1198,Brick,Metal,No,No,Yes,7.17,184782.97,1379.79
80827,2021,1978,No,5,2495,Fire Resistive,Tile,No,No,Yes,4.84,541129.64,1683.37
80844,2019,1962,Yes,2,2110,Brick,Metal,Yes,Yes,No,5.06,320494.27,2034.94
80950,2019,1962,Yes,4,1766,Frame,Shingle,No,Yes,Yes,6.74,305818.1,1716.8
80919,2021,1987,No,4,1301,Brick,Shingle,Yes,No,Yes,0.44,191023.19,1213.77
80374,2021,1984,Yes,4,1641,Fire Resistive,Tile,No,Yes,Yes,5.82,360609.65,1569.65
80862,2020,2001,No,3,3431,Frame,Tile,No,Yes,No,0.88,618182.49,1908.68
80126,2020,1976,Yes,3,3921,Brick,Tile,No,No,Yes,3.19,735700.37,1980.75
80213,2018,2013,No,5,2259,Frame,Tile,Yes,No,Yes,4.19,328382.06,1485.88
80423,2018,2007,No,4,1512,Brick,Shingle,Yes,No,Yes,5.58,302395.22,1368.18
80465,2022,2008,Yes,5,3934,Brick,Shingle,No,Yes,Yes,0.74,616821.49,2025.21
80703,2021,1987,No,4,1853,Fire Resistive,Shingle,No,No,No,6.36,392547.57,1529.66
80929,2021,1977,No,4,1686,Brick,Shingle,Yes,No,No,5.39,263709.23,1552.21
80470,2022,2007,Yes,3,2148,Fire Resistive,Shingle,No,Yes,Yes,1.49,333487.78,1568.39
80038,2020,1991,Yes,3,3601,Brick,Shingle,Yes,Yes,Yes,5.15,514669.23,2114.64
80750,2018,1989,No,4,1019,Fire Resistive,Tile,No,No,Yes,5.77,181142.9,1154.35
80484,2018,2014,No,3,1589,Fire Resistive,Shingle,Yes,No,No,3.96,294262.6,1368.43
80121,2020,2015,No,4,2477,Fire Resistive,Tile,Yes,Yes,No,3.63,359800.82,1832.12
80238,2021,2014,No,3,2449,Brick,Metal,Yes,Yes,No,6.27,494801.37,1764.01
80768,2018,1976,No,4,2598,Brick,Metal,No,No,No,6.88,457931.55,1793.99
80378,2021,2001,No,3,1595,Fire Resistive,Metal,No,Yes,Yes,0.3,290212.2,1401.25
80745,2022,1985,No,3,2617,Fire Resistive,Metal,Yes,No,Yes,0.67,458658.09,1597.35
80531,2018,1952,Yes,2,1768,Brick,Tile,Yes,No,No,6.78,304203.93,1698.98
80622,2022,2002,Yes,4,1457,Brick,Shingle,Yes,No,Yes,7.51,269211.68,1486.55
80664,2021,2017,No,5,1063,Fire Resistive,Shingle,No,No,Yes,3.61,162021.63,1233.09
80133,2021,1995,No,4,3445,Brick,Shingle,No,No,No,4.43,532439.39,1803.18
80115,2022,2018,Yes,2,3035,Brick,Tile,Yes,Yes,No,1.0,634141.55,1796.45
80093,2021,1985,Yes,3,1138,Fire Resistive,Shingle,Yes,Yes,No,2.47,245454.35,1431.31
80467,2019,2016,No,2,3724,Fire Resistive,Tile,No,Yes,No,5.76,632576.31,2030.47
80968,2018,1983,Yes,2,3843,Brick,Metal,Yes,No,Yes,3.98,621257.74,2050.69
80631,2021,2020,Yes,4,2766,Fire Resistive,Metal,Yes,No,No,6.54,529744.22,1777.02
80880,2020,1999,Yes,2,3690,Fire Resistive,Tile,No,No,Yes,2.37,637258.33,1977.57
80465,2020,1961,Yes,3,2864,Frame,Metal,No,Yes,No,3.54,406776.52,1990.47
80743,2022,1973,No,5,3192,Fire Resistive,Tile,No,No,Yes,6.54,486755.13,1895.29
80770,2020,1968,Yes,4,1417,Fire Resistive,Metal,Yes,No,Yes,6.83,279542.61,1454.05
80675,2021,1957,No,2,2526,Frame,Tile,Yes,No,No,3.51,486795.35,1767.67
80837,2021,2018,Yes,3,2966,Fire Resistive,Metal,Yes,Yes,Yes,3.78,421669.34,1946.51
80677,2022,1950,Yes,2,3809,Frame,Tile,No,Yes,No,2.05,600899.36,2233.38
80064,2018,2008,No,5,1008,Fire Resistive,Tile,Yes,Yes,No,3.52,159753.87,1480.57
80082,2018,1980,Yes,5,1713,Fire Resistive,Metal,No,No,No,4.08,331896.18,1642.61
80293,2018,2014,Yes,3,2945,Fire Resistive,Tile,No,Yes,Yes,2.59,416943.8,1828.39
80283,2021,1969,Yes,2,2233,Brick,Metal,No,Yes,Yes,1.16,331217.96,1542.94
80942,2020,1969,No,4,2648,Frame,Shingle,Yes,No,No,3.03,540174.22,1826.78
80968,2022,2002,Yes,4,3398,Frame,Metal,No,No,Yes,4.92,524255.58,1839.84
80046,2019,2000,Yes,3,3585,Fire Resistive,Metal,No,Yes,No,1.31,689107.58,2028.58
80254,2021,1981,No,4,1616,Fire Resistive,Shingle,Yes,Yes,No,6.78,257032.27,1614.26
80521,2021,2009,No,3,3230,Brick,Shingle,Yes,Yes,Yes,4.44,477895.66,1939.42
80343,2022,1995,Yes,2,3614,Fire Resistive,Metal,No,No,No,2.67,576265.94,1995.4
80473,2020,1996,No,4,1157,Frame,Shingle,Yes,No,Yes,3.98,228833.03,1357.9
80967,2019,2009,No,3,2305,Fire Resistive,Metal,No,Yes,No,1.9,480490.43,1622.56
80132,2020,2010,No,4,1686,Brick,Metal,No,No,No,2.52,348020.06,1444.82
80908,2019,1968,No,2,3917,Fire Resistive,Shingle,Yes,No,No,1.7,672841.43,2022.22
80341,2020,1970,No,3,1762,Fire Resistive,Tile,No,Yes,No,3.79,340853.28,1544.19
80545,2018,1994,Yes,4,3798,Frame,Tile,Yes,No,No,3.01,594002.43,2245.44
80920,2018,1981,Yes,2,1638,Frame,Metal,No,No,No,2.91,267734.08,1453.74
80662,2019,1966,Yes,5,3165,Frame,Shingle,Yes,No,No,7.15,670052.23,2193.41
80232,2021,1987,No,5,2416,Fire Resistive,Shingle,No,Yes,No,2.51,340753.01,1938.99
80879,2018,2008,Yes,4,2834,Brick,Tile,Yes,Yes,No,1.76,416146.49,1920.67
80340,2022,1950,Yes,2,3888,Brick,Tile,Yes,No,No,1.4,608980.94,2274.57
80770,2022,1971,No,5,3570,Brick,Metal,No,Yes,No,0.26,507377.6,2039.08
80775,2020,1969,Yes,5,3397,Frame,Metal,Yes,Yes,Yes,2.69,524886.89,2083.07
80685,2018,2001,No,5,2020,Frame,Metal,Yes,Yes,Yes,5.18,377019.52,1698.87
80241,2021,1964,Yes,4,2380,Frame,Shingle,No,Yes,Yes,5.26,413439.23,1719.83
80957,2020,1990,Yes,5,3039,Brick,Tile,Yes,Yes,No,7.93,642486.35,2322.49
80678,2022,2000,Yes,5,3089,Frame,Metal,Yes,No,Yes,7.35,634466.65,1945.86
80818,2020,2009,No,4,3031,Fire Resistive,Shingle,No,Yes,Yes,1.31,507223.87,1786.1
80230,2019,1972,No,5,1944,Brick,Metal,No,No,No,6.84,312505.53,1554.77
80789,2020,2012,Yes,3,1245,Brick,Shingle,Yes,No,Yes,0.91,212117.36,1308.26
80812,2020,1990,Yes,5,3937,Brick,Tile,No,Yes,No,3.57,737099.3,2363.11
80202,2021,1989,No,2,3792,Brick,Metal,No,Yes,Yes,4.12,612199.79,1914.11
80662,2018,1958,No,5,3985,Brick,Metal,Yes,Yes,No,7.58,756878.67,2486.16
80432,2022,1963,No,5,2302,Brick,Tile,Yes,Yes,Yes,4.64,397677.25,1898.49
80335,2020,1962,Yes,3,1511,Brick,Shingle,No,Yes,Yes,6.47,278271.46,1582.39
80755,2018,1957,Yes,4,3336,Brick,Tile,No,No,No,7.78,583433.45,2098.32
80635,2022,1968,No,2,3170,Brick,Tile,No,No,Yes,6.63,518476.52,1705.05
80690,2021,1979,No,4,2774,Brick,Metal,No,No,Yes,1.93,598840.76,1569.77
80539,2020,1956,Yes,3,3854,Frame,Metal,No,No,No,1.86,774994.94,2135.27
80866,2018,1993,No,2,3705,Brick,Metal,No,No,Yes,2.75,560229.55,1876.48
80873,2020,1991,No,3,2496,Fire Resistive,Shingle,Yes,Yes,Yes,6.89,522855.69,1700.67
80284,2019,1993,No,5,1747,Fire Resistive,Tile,No,No,Yes,5.42,312703.38,1384.16
80954,2018,1952,No,5,3397,Fire Resistive,Shingle,Yes,Yes,No,3.48,718683.51,2310.24
80759,2020,2018,No,4,1945,Frame,Tile,No,Yes,No,2.7,396757.48,1581.07
80869,2019,1999,No,3,2447,Frame,Metal,Yes,Yes,Yes,2.88,425819.8,1709.54
80709,2020,2001,No,4,1842,Brick,Shingle,Yes,No,No,5.04,261191.08,1486.9
80752,2020,1974,No,2,2014,Fire Resistive,Metal,Yes,No,Yes,0.25,325249.3,1458.25
80845,2020,1973,No,2,2989,Brick,Metal,No,Yes,Yes,1.51,547975.57,1778.0
80220,2022,1999,No,5,3167,Frame,Tile,Yes,No,No,6.47,603878.04,2032.8
80496,2020,2006,No,2,3242,Brick,Shingle,No,Yes,No,1.51,520765.75,1765.02
80509,2022,1998,Yes,3,2209,Brick,Metal,No,No,No,6.73,333887.01,1711.47
80923,2020,2006,Yes,5,2709,Brick,Shingle,No,Yes,Yes,2.72,560206.08,1896.56
80969,2022,1992,No,3,3663,Frame,Shingle,No,No,Yes,7.72,801289.22,1875.13
80621,2020,1965,Yes,5,3861,Fire Resistive,Tile,No,No,Yes,1.56,702915.18,2212.83
80430,2019,1987,Yes,3,3402,Brick,Metal,Yes,No,No,0.53,523004.23,1929.59
80515,2021,2013,No,2,1193,Frame,Tile,Yes,Yes,No,6.56,193009.01,1437.53
80471,2021,2009,Yes,4,2859,Frame,Tile,Yes,Yes,No,2.2,404466.32,1923.56
80641,2018,1978,No,5,3728,Fire Resistive,Shingle,Yes,Yes,Yes,1.14,794600.48,2180.3
80365,2020,1977,Yes,2,3803,Frame,Shingle,No,No,Yes,7.15,568244.59,2022.21
80063,2018,1967,Yes,4,3658,Frame,Metal,No,No,No,5.38,680831.78,2207.15
80284,2019,2008,Yes,3,2263,Brick,Tile,Yes,No,No,0.52,366434.96,1547.36
80856,2022,1968,Yes,2,2290,Fire Resistive,Shingle,No,No,Yes,1.4,422125.41,1486.89
80094,2020,1994,No,2,3175,Frame,Metal,No,Yes,Yes,5.98,609960.78,1812.13
80942,2019,1996,No,2,2186,Fire Resistive,Metal,Yes,No,Yes,7.11,451145.25,1493.9
80237,2018,1982,No,5,1645,Frame,Metal,No,No,Yes,3.98,257465.04,1366.71
80526,2020,1954,No,2,1258,Brick,Metal,No,No,No,7.73,177226.62,1246.41
80165,2021,2011,No,2,2704,Fire Resistive,Shingle,Yes,Yes,Yes,3.47,408171.1,1605.29
80864,2019,2003,Yes,2,2394,Frame,Shingle,No,No,Yes,7.51,507531.57,1587.61
80241,2020,2016,No,5,3826,Frame,Shingle,Yes,Yes,Yes,2.69,803120.27,2280.13
80688,2019,1996,No,5,2619,Frame,Shingle,Yes,No,No,4.27,491829.99,1672.14
80199,2020,1990,No,3,3352,Brick,Shingle,Yes,Yes,Yes,0.47,630314.6,1951.14
80551,2018,1985,No,3,2468,Brick,Tile,No,No,No,5.76,476824.84,1590.85
80911,2020,1994,Yes,3,2164,Frame,Shingle,Yes,Yes,No,5.24,333320.28,1783.08
80101,2021,1995,Yes,2,3560,Frame,Tile,Yes,Yes,No,2.66,758824.52,2038.79
80363,2019,1969,Yes,3,2105,Frame,Tile,Yes,Yes,Yes,0.51,365220.96,1688.81
80801,2018,2001,Yes,5,3863,Frame,Tile,Yes,Yes,Yes,7.45,659225.13,2473.7
80894,2019,2014,Yes,4,1376,Frame,Shingle,No,Yes,No,3.73,249762.46,1440.36
80645,2019,2017,No,3,2427,Brick,Shingle,Yes,No,Yes,4.69,348898.91,1487.14
80358,2018,2001,No,4,1348,Brick,Tile,Yes,No,Yes,3.21,206652.0,1282.1
80487,2022,1965,Yes,4,1955,Frame,Shingle,Yes,No,No,3.2,389128.46,1670.13
80752,2020,1997,Yes,3,2240,Fire Resistive,Shingle,No,Yes,No,1.73,328437.52,1603.06
80854,2020,1972,No,3,3073,Frame,Shingle,No,Yes,No,4.06,578498.91,2049.98
80948,2021,1951,No,4,3437,Brick,Tile,No,No,No,7.2,548641.19,2189.28
80625,2020,2019,Yes,4,3493,Frame,Tile,No,No,Yes,7.9,597804.77,2032.09
80148,2021,1971,No,4,2616,Frame,Shingle,No,No,Yes,6.17,426657.83,1733.18
80354,2022,2012,Yes,4,3079,Frame,Metal,Yes,Yes,Yes,7.84,518669.3,1993.19
80238,2020,1977,Yes,2,2502,Frame,Metal,No,No,Yes,5.08,494204.23,1607.0
80924,2020,1972,Yes,2,3355,Frame,Shingle,No,No,Yes,1.67,549447.47,1727.31
80482,2018,1951,No,5,2410,Frame,Shingle,No,No,Yes,6.98,446602.81,1809.73
80513,2021,1983,Yes,5,2203,Fire Resistive,Tile,No,No,No,6.85,392319.12,1802.85
80864,2021,1960,No,2,1257,Frame,Shingle,No,No,Yes,3.76,242718.77,1176.13
80281,2018,1974,No,4,3227,Fire Resistive,Tile,No,No,No,4.8,693631.97,1986.64
80811,2020,2002,Yes,5,1138,Brick,Shingle,Yes,Yes,Yes,4.44,226013.36,1465.04
80479,2019,2012,No,4,3084,Fire Resistive,Shingle,Yes,No,Yes,4.92,484790.09,1734.19
80017,2020,2011,No,2,2415,Frame,Tile,Yes,Yes,Yes,5.9,344124.58,1647.21
80353,2018,1988,Yes,3,3115,Fire Resistive,Metal,Yes,Yes,Yes,5.79,501456.2,2066.28
80029,2020,1968,No,3,1033,Frame,Tile,No,Yes,Yes,6.57,193797.24,1270.81
80619,2020,1951,No,3,3877,Fire Resistive,Tile,Yes,Yes,No,1.49,558730.23,2270.67
80022,2018,1992,Yes,5,3450,Frame,Shingle,No,No,No,4.47,619997.08,2157.32
80047,2022,1980,Yes,5,1508,Frame,Metal,Yes,No,Yes,1.05,283123.12,1401.49
80438,2022,2014,Yes,5,1973,Brick,Metal,No,No,No,5.58,328977.06,1680.01
80211,2018,2008,Yes,2,2903,Frame,Tile,No,Yes,Yes,6.73,585456.65,1850.17
80493,2021,1989,Yes,4,3318,Brick,Metal,No,No,No,5.45,492815.44,1954.75
80638,2020,2013,Yes,3,1223,Frame,Shingle,Yes,Yes,No,4.98,178571.48,1420.84
80505,2020,1960,No,5,2823,Brick,Shingle,No,Yes,Yes,2.55,559674.15,1924.07
80022,2022,1962,Yes,4,1165,Frame,Shingle,Yes,Yes,Yes,7.15,209279.79,1509.47
80551,2021,2012,No,3,2439,Brick,Tile,Yes,No,Yes,3.44,475781.08,1593.63
80575,2021,1973,No,2,3119,Frame,Tile,Yes,Yes,No,7.64,545158.12,1981.97
80071,2022,1999,No,4,3232,Frame,Tile,Yes,Yes,No,7.76,516189.71,2164.41
80397,2022,1962,Yes,3,2258,Frame,Shingle,Yes,Yes,Yes,2.13,464082.64,1799.83
80379,2020,1979,Yes,3,1159,Frame,Metal,Yes,Yes,Yes,5.87,236381.84,1449.44
80470,2019,2003,No,5,2402,Brick,Shingle,No,Yes,No,1.07,469772.87,1717.47
80877,2018,1986,No,4,2207,Brick,Metal,No,No,No,7.26,357029.95,1618.58
80077,2020,1974,Yes,4,1349,Frame,Metal,Yes,Yes,No,1.23,252557.69,1627.22
80001,2020,1984,No,4,1741,Fire Resistive,Shingle,No,Yes,No,1.2,294016.44,1493.8
80377,2020,1995,No,4,3788,Fire Resistive,Shingle,No,Yes,No,6.71,558073.03,2185.42
80003,2019,2004,Yes,3,2073,Frame,Tile,No,No,Yes,1.7,442347.28,1417.83
80727,2018,1966,Yes,2,3161,Brick,Metal,No,No,No,3.85,477138.7,1815.47
80242,2020,2012,No,5,3535,Fire Resistive,Metal,Yes,Yes,No,1.79,763627.12,2223.69
80867,2020,1963,No,4,2755,Brick,Metal,No,No,No,5.15,483999.67,1928.87
